ts,market_id,now,market_end_ts,venue,symbol,official_required_venue,official_used_venue,official_used_endpoint,official_mid,official_ok,official_err,official_age_ms,pm_yes_bid,pm_yes_ask,pm_no_bid,pm_no_ask,book_ok,book_err,pm_book_age_ms,implied_yes,implied_no,fair_up_prob,edge_yes,edge_no,edge_gross_bps,edge_net_bps,spread_bps,depth_total,market_class,required_symbol,rules_end_ts,end_ts_source,regime,action,reason,filter_reason,microstructure_flags,daily_pnl,daily_loss,total_loss,open_markets,kill_switch,params_hash,signal_book_arbitrage_edge_bps,signal_book_arbitrage_reason,signal_book_arbitrage_confidence,signal_book_staleness_edge_bps,signal_book_staleness_reason,signal_book_staleness_confidence,arb_cost_cents,arb_edge_cents
1768169516682,KALSHI-TEST-DEEP,1768169516682,0,KALSHI,KALSHI-TEST-DEEP,KALSHI,KALSHI,API,,False,SELF_REFERENTIAL,0,,,,,False,NO_DATA,0,,,,,,0.0,0.0,0.0,0,KALSHI_PREDICTION,UNKNOWN,,VENUE,STUB,NO_TRADE,NO_DATA,,[],0.0,0.0,0.0,0,False,,0.0,SIGNAL_UNAVAILABLE,,0.0,SIGNAL_UNAVAILABLE,,,
1768169577271,KALSHI-TEST-DEEP,1768169577271,0,KALSHI,KALSHI-TEST-DEEP,KALSHI,KALSHI,API,,False,SELF_REFERENTIAL,0,,,,,False,NO_DATA,0,,,,,,0.0,0.0,0.0,0,KALSHI_PREDICTION,UNKNOWN,,VENUE,STUB,NO_TRADE,NO_DATA,,[],0.0,0.0,0.0,0,False,,0.0,SIGNAL_UNAVAILABLE,,0.0,SIGNAL_UNAVAILABLE,,,
1768169640328,KALSHI-TEST-DEEP,1768169640328,0,KALSHI,KALSHI-TEST-DEEP,KALSHI,KALSHI,API,,False,SELF_REFERENTIAL,0,,,,,False,NO_DATA,0,,,,,,0.0,0.0,0.0,0,KALSHI_PREDICTION,UNKNOWN,,VENUE,STUB,NO_TRADE,NO_DATA,,[],0.0,0.0,0.0,0,False,,0.0,SIGNAL_UNAVAILABLE,,0.0,SIGNAL_UNAVAILABLE,,,
1768169701342,KALSHI-TEST-DEEP,1768169701342,0,KALSHI,KALSHI-TEST-DEEP,KALSHI,KALSHI,API,,False,SELF_REFERENTIAL,0,,,,,False,NO_DATA,0,,,,,,0.0,0.0,0.0,0,KALSHI_PREDICTION,UNKNOWN,,VENUE,STUB,NO_TRADE,NO_DATA,,[],0.0,0.0,0.0,0,False,,0.0,SIGNAL_UNAVAILABLE,,0.0,SIGNAL_UNAVAILABLE,,,
1768169762351,KALSHI-TEST-DEEP,1768169762351,0,KALSHI,KALSHI-TEST-DEEP,KALSHI,KALSHI,API,,False,SELF_REFERENTIAL,0,,,,,False,NO_DATA,0,,,,,,0.0,0.0,0.0,0,KALSHI_PREDICTION,UNKNOWN,,VENUE,STUB,NO_TRADE,NO_DATA,,[],0.0,0.0,0.0,0,False,,0.0,SIGNAL_UNAVAILABLE,,0.0,SIGNAL_UNAVAILABLE,,,
1768169823383,KALSHI-TEST-DEEP,1768169823383,0,KALSHI,KALSHI-TEST-DEEP,KALSHI,KALSHI,API,,False,SELF_REFERENTIAL,0,,,,,False,NO_DATA,0,,,,,,0.0,0.0,0.0,0,KALSHI_PREDICTION,UNKNOWN,,VENUE,STUB,NO_TRADE,NO_DATA,,[],0.0,0.0,0.0,0,False,,0.0,SIGNAL_UNAVAILABLE,,0.0,SIGNAL_UNAVAILABLE,,,
1768169883888,KALSHI-TEST-DEEP,1768169883888,0,KALSHI,KALSHI-TEST-DEEP,KALSHI,KALSHI,API,,False,SELF_REFERENTIAL,0,,,,,False,NO_DATA,0,,,,,,0.0,0.0,0.0,0,KALSHI_PREDICTION,UNKNOWN,,VENUE,STUB,NO_TRADE,NO_DATA,,[],0.0,0.0,0.0,0,False,,0.0,SIGNAL_UNAVAILABLE,,0.0,SIGNAL_UNAVAILABLE,,,
1768169944390,KALSHI-TEST-DEEP,1768169944390,0,KALSHI,KALSHI-TEST-DEEP,KALSHI,KALSHI,API,,False,SELF_REFERENTIAL,0,,,,,False,NO_DATA,0,,,,,,0.0,0.0,0.0,0,KALSHI_PREDICTION,UNKNOWN,,VENUE,STUB,NO_TRADE,NO_DATA,,[],0.0,0.0,0.0,0,False,,0.0,SIGNAL_UNAVAILABLE,,0.0,SIGNAL_UNAVAILABLE,,,
1768170004884,KALSHI-TEST-DEEP,1768170004884,0,KALSHI,KALSHI-TEST-DEEP,KALSHI,KALSHI,API,,False,SELF_REFERENTIAL,0,,,,,False,NO_DATA,0,,,,,,0.0,0.0,0.0,0,KALSHI_PREDICTION,UNKNOWN,,VENUE,STUB,NO_TRADE,NO_DATA,,[],0.0,0.0,0.0,0,False,,0.0,SIGNAL_UNAVAILABLE,,0.0,SIGNAL_UNAVAILABLE,,,
1768170065386,KALSHI-TEST-DEEP,1768170065386,0,KALSHI,KALSHI-TEST-DEEP,KALSHI,KALSHI,API,,False,SELF_REFERENTIAL,0,,,,,False,NO_DATA,0,,,,,,0.0,0.0,0.0,0,KALSHI_PREDICTION,UNKNOWN,,VENUE,STUB,NO_TRADE,NO_DATA,,[],0.0,0.0,0.0,0,False,,0.0,SIGNAL_UNAVAILABLE,,0.0,SIGNAL_UNAVAILABLE,,,
1768170125888,KALSHI-TEST-DEEP,1768170125888,0,KALSHI,KALSHI-TEST-DEEP,KALSHI,KALSHI,API,,False,SELF_REFERENTIAL,0,,,,,False,NO_DATA,0,,,,,,0.0,0.0,0.0,0,KALSHI_PREDICTION,UNKNOWN,,VENUE,STUB,NO_TRADE,NO_DATA,,[],0.0,0.0,0.0,0,False,,0.0,SIGNAL_UNAVAILABLE,,0.0,SIGNAL_UNAVAILABLE,,,
1768170186386,KALSHI-TEST-DEEP,1768170186386,0,KALSHI,KALSHI-TEST-DEEP,KALSHI,KALSHI,API,,False,SELF_REFERENTIAL,0,,,,,False,NO_DATA,0,,,,,,0.0,0.0,0.0,0,KALSHI_PREDICTION,UNKNOWN,,VENUE,STUB,NO_TRADE,NO_DATA,,[],0.0,0.0,0.0,0,False,,0.0,SIGNAL_UNAVAILABLE,,0.0,SIGNAL_UNAVAILABLE,,,
1768170246894,KALSHI-TEST-DEEP,1768170246894,0,KALSHI,KALSHI-TEST-DEEP,KALSHI,KALSHI,API,,False,SELF_REFERENTIAL,0,,,,,False,NO_DATA,0,,,,,,0.0,0.0,0.0,0,KALSHI_PREDICTION,UNKNOWN,,VENUE,STUB,NO_TRADE,NO_DATA,,[],0.0,0.0,0.0,0,False,,0.0,SIGNAL_UNAVAILABLE,,0.0,SIGNAL_UNAVAILABLE,,,
1768170307383,KALSHI-TEST-DEEP,1768170307383,0,KALSHI,KALSHI-TEST-DEEP,KALSHI,KALSHI,API,,False,SELF_REFERENTIAL,0,,,,,False,NO_DATA,0,,,,,,0.0,0.0,0.0,0,KALSHI_PREDICTION,UNKNOWN,,VENUE,STUB,NO_TRADE,NO_DATA,,[],0.0,0.0,0.0,0,False,,0.0,SIGNAL_UNAVAILABLE,,0.0,SIGNAL_UNAVAILABLE,,,
1768170367883,KALSHI-TEST-DEEP,1768170367883,0,KALSHI,KALSHI-TEST-DEEP,KALSHI,KALSHI,API,,False,SELF_REFERENTIAL,0,,,,,False,NO_DATA,0,,,,,,0.0,0.0,0.0,0,KALSHI_PREDICTION,UNKNOWN,,VENUE,STUB,NO_TRADE,NO_DATA,,[],0.0,0.0,0.0,0,False,,0.0,SIGNAL_UNAVAILABLE,,0.0,SIGNAL_UNAVAILABLE,,,
1768170428386,KALSHI-TEST-DEEP,1768170428386,0,KALSHI,KALSHI-TEST-DEEP,KALSHI,KALSHI,API,,False,SELF_REFERENTIAL,0,,,,,False,NO_DATA,0,,,,,,0.0,0.0,0.0,0,KALSHI_PREDICTION,UNKNOWN,,VENUE,STUB,NO_TRADE,NO_DATA,,[],0.0,0.0,0.0,0,False,,0.0,SIGNAL_UNAVAILABLE,,0.0,SIGNAL_UNAVAILABLE,,,
1768170488884,KALSHI-TEST-DEEP,1768170488884,0,KALSHI,KALSHI-TEST-DEEP,KALSHI,KALSHI,API,,False,SELF_REFERENTIAL,0,,,,,False,NO_DATA,0,,,,,,0.0,0.0,0.0,0,KALSHI_PREDICTION,UNKNOWN,,VENUE,STUB,NO_TRADE,NO_DATA,,[],0.0,0.0,0.0,0,False,,0.0,SIGNAL_UNAVAILABLE,,0.0,SIGNAL_UNAVAILABLE,,,
1768170549386,KALSHI-TEST-DEEP,1768170549386,0,KALSHI,KALSHI-TEST-DEEP,KALSHI,KALSHI,API,,False,SELF_REFERENTIAL,0,,,,,False,NO_DATA,0,,,,,,0.0,0.0,0.0,0,KALSHI_PREDICTION,UNKNOWN,,VENUE,STUB,NO_TRADE,NO_DATA,,[],0.0,0.0,0.0,0,False,,0.0,SIGNAL_UNAVAILABLE,,0.0,SIGNAL_UNAVAILABLE,,,
1768170609885,KALSHI-TEST-DEEP,1768170609885,0,KALSHI,KALSHI-TEST-DEEP,KALSHI,KALSHI,API,,False,SELF_REFERENTIAL,0,,,,,False,NO_DATA,0,,,,,,0.0,0.0,0.0,0,KALSHI_PREDICTION,UNKNOWN,,VENUE,STUB,NO_TRADE,NO_DATA,,[],0.0,0.0,0.0,0,False,,0.0,SIGNAL_UNAVAILABLE,,0.0,SIGNAL_UNAVAILABLE,,,
1768170670385,KALSHI-TEST-DEEP,1768170670385,0,KALSHI,KALSHI-TEST-DEEP,KALSHI,KALSHI,API,,False,SELF_REFERENTIAL,0,,,,,False,NO_DATA,0,,,,,,0.0,0.0,0.0,0,KALSHI_PREDICTION,UNKNOWN,,VENUE,STUB,NO_TRADE,NO_DATA,,[],0.0,0.0,0.0,0,False,,0.0,SIGNAL_UNAVAILABLE,,0.0,SIGNAL_UNAVAILABLE,,,
1768170730880,KALSHI-TEST-DEEP,1768170730880,0,KALSHI,KALSHI-TEST-DEEP,KALSHI,KALSHI,API,,False,SELF_REFERENTIAL,0,,,,,False,NO_DATA,0,,,,,,0.0,0.0,0.0,0,KALSHI_PREDICTION,UNKNOWN,,VENUE,STUB,NO_TRADE,NO_DATA,,[],0.0,0.0,0.0,0,False,,0.0,SIGNAL_UNAVAILABLE,,0.0,SIGNAL_UNAVAILABLE,,,
1768170791390,KALSHI-TEST-DEEP,1768170791390,0,KALSHI,KALSHI-TEST-DEEP,KALSHI,KALSHI,API,,False,SELF_REFERENTIAL,0,,,,,False,NO_DATA,0,,,,,,0.0,0.0,0.0,0,KALSHI_PREDICTION,UNKNOWN,,VENUE,STUB,NO_TRADE,NO_DATA,,[],0.0,0.0,0.0,0,False,,0.0,SIGNAL_UNAVAILABLE,,0.0,SIGNAL_UNAVAILABLE,,,
1768170851884,KALSHI-TEST-DEEP,1768170851884,0,KALSHI,KALSHI-TEST-DEEP,KALSHI,KALSHI,API,,False,SELF_REFERENTIAL,0,,,,,False,NO_DATA,0,,,,,,0.0,0.0,0.0,0,KALSHI_PREDICTION,UNKNOWN,,VENUE,STUB,NO_TRADE,NO_DATA,,[],0.0,0.0,0.0,0,False,,0.0,SIGNAL_UNAVAILABLE,,0.0,SIGNAL_UNAVAILABLE,,,
1768170912386,KALSHI-TEST-DEEP,1768170912386,0,KALSHI,KALSHI-TEST-DEEP,KALSHI,KALSHI,API,,False,SELF_REFERENTIAL,0,,,,,False,NO_DATA,0,,,,,,0.0,0.0,0.0,0,KALSHI_PREDICTION,UNKNOWN,,VENUE,STUB,NO_TRADE,NO_DATA,,[],0.0,0.0,0.0,0,False,,0.0,SIGNAL_UNAVAILABLE,,0.0,SIGNAL_UNAVAILABLE,,,
1768170972881,KALSHI-TEST-DEEP,1768170972881,0,KALSHI,KALSHI-TEST-DEEP,KALSHI,KALSHI,API,,False,SELF_REFERENTIAL,0,,,,,False,NO_DATA,0,,,,,,0.0,0.0,0.0,0,KALSHI_PREDICTION,UNKNOWN,,VENUE,STUB,NO_TRADE,NO_DATA,,[],0.0,0.0,0.0,0,False,,0.0,SIGNAL_UNAVAILABLE,,0.0,SIGNAL_UNAVAILABLE,,,
1768171033387,KALSHI-TEST-DEEP,1768171033387,0,KALSHI,KALSHI-TEST-DEEP,KALSHI,KALSHI,API,,False,SELF_REFERENTIAL,0,,,,,False,NO_DATA,0,,,,,,0.0,0.0,0.0,0,KALSHI_PREDICTION,UNKNOWN,,VENUE,STUB,NO_TRADE,NO_DATA,,[],0.0,0.0,0.0,0,False,,0.0,SIGNAL_UNAVAILABLE,,0.0,SIGNAL_UNAVAILABLE,,,
1768171093888,KALSHI-TEST-DEEP,1768171093888,0,KALSHI,KALSHI-TEST-DEEP,KALSHI,KALSHI,API,,False,SELF_REFERENTIAL,0,,,,,False,NO_DATA,0,,,,,,0.0,0.0,0.0,0,KALSHI_PREDICTION,UNKNOWN,,VENUE,STUB,NO_TRADE,NO_DATA,,[],0.0,0.0,0.0,0,False,,0.0,SIGNAL_UNAVAILABLE,,0.0,SIGNAL_UNAVAILABLE,,,
1768171154387,KALSHI-TEST-DEEP,1768171154387,0,KALSHI,KALSHI-TEST-DEEP,KALSHI,KALSHI,API,,False,SELF_REFERENTIAL,0,,,,,False,NO_DATA,0,,,,,,0.0,0.0,0.0,0,KALSHI_PREDICTION,UNKNOWN,,VENUE,STUB,NO_TRADE,NO_DATA,,[],0.0,0.0,0.0,0,False,,0.0,SIGNAL_UNAVAILABLE,,0.0,SIGNAL_UNAVAILABLE,,,
1768171214880,KALSHI-TEST-DEEP,1768171214880,0,KALSHI,KALSHI-TEST-DEEP,KALSHI,KALSHI,API,,False,SELF_REFERENTIAL,0,,,,,False,NO_DATA,0,,,,,,0.0,0.0,0.0,0,KALSHI_PREDICTION,UNKNOWN,,VENUE,STUB,NO_TRADE,NO_DATA,,[],0.0,0.0,0.0,0,False,,0.0,SIGNAL_UNAVAILABLE,,0.0,SIGNAL_UNAVAILABLE,,,
1768171275383,KALSHI-TEST-DEEP,1768171275383,0,KALSHI,KALSHI-TEST-DEEP,KALSHI,KALSHI,API,,False,SELF_REFERENTIAL,0,,,,,False,NO_DATA,0,,,,,,0.0,0.0,0.0,0,KALSHI_PREDICTION,UNKNOWN,,VENUE,STUB,NO_TRADE,NO_DATA,,[],0.0,0.0,0.0,0,False,,0.0,SIGNAL_UNAVAILABLE,,0.0,SIGNAL_UNAVAILABLE,,,
1768171335900,KALSHI-TEST-DEEP,1768171335900,0,KALSHI,KALSHI-TEST-DEEP,KALSHI,KALSHI,API,,False,SELF_REFERENTIAL,0,,,,,False,NO_DATA,0,,,,,,0.0,0.0,0.0,0,KALSHI_PREDICTION,UNKNOWN,,VENUE,STUB,NO_TRADE,NO_DATA,,[],0.0,0.0,0.0,0,False,,0.0,SIGNAL_UNAVAILABLE,,0.0,SIGNAL_UNAVAILABLE,,,
1768171396392,KALSHI-TEST-DEEP,1768171396392,0,KALSHI,KALSHI-TEST-DEEP,KALSHI,KALSHI,API,,False,SELF_REFERENTIAL,0,,,,,False,NO_DATA,0,,,,,,0.0,0.0,0.0,0,KALSHI_PREDICTION,UNKNOWN,,VENUE,STUB,NO_TRADE,NO_DATA,,[],0.0,0.0,0.0,0,False,,0.0,SIGNAL_UNAVAILABLE,,0.0,SIGNAL_UNAVAILABLE,,,
1768171456880,KALSHI-TEST-DEEP,1768171456880,0,KALSHI,KALSHI-TEST-DEEP,KALSHI,KALSHI,API,,False,SELF_REFERENTIAL,0,,,,,False,NO_DATA,0,,,,,,0.0,0.0,0.0,0,KALSHI_PREDICTION,UNKNOWN,,VENUE,STUB,NO_TRADE,NO_DATA,,[],0.0,0.0,0.0,0,False,,0.0,SIGNAL_UNAVAILABLE,,0.0,SIGNAL_UNAVAILABLE,,,
1768171517395,KALSHI-TEST-DEEP,1768171517395,0,KALSHI,KALSHI-TEST-DEEP,KALSHI,KALSHI,API,,False,SELF_REFERENTIAL,0,,,,,False,NO_DATA,0,,,,,,0.0,0.0,0.0,0,KALSHI_PREDICTION,UNKNOWN,,VENUE,STUB,NO_TRADE,NO_DATA,,[],0.0,0.0,0.0,0,False,,0.0,SIGNAL_UNAVAILABLE,,0.0,SIGNAL_UNAVAILABLE,,,
1768171577898,KALSHI-TEST-DEEP,1768171577898,0,KALSHI,KALSHI-TEST-DEEP,KALSHI,KALSHI,API,,False,SELF_REFERENTIAL,0,,,,,False,NO_DATA,0,,,,,,0.0,0.0,0.0,0,KALSHI_PREDICTION,UNKNOWN,,VENUE,STUB,NO_TRADE,NO_DATA,,[],0.0,0.0,0.0,0,False,,0.0,SIGNAL_UNAVAILABLE,,0.0,SIGNAL_UNAVAILABLE,,,
1768171638380,KALSHI-TEST-DEEP,1768171638380,0,KALSHI,KALSHI-TEST-DEEP,KALSHI,KALSHI,API,,False,SELF_REFERENTIAL,0,,,,,False,NO_DATA,0,,,,,,0.0,0.0,0.0,0,KALSHI_PREDICTION,UNKNOWN,,VENUE,STUB,NO_TRADE,NO_DATA,,[],0.0,0.0,0.0,0,False,,0.0,SIGNAL_UNAVAILABLE,,0.0,SIGNAL_UNAVAILABLE,,,
1768171698895,KALSHI-TEST-DEEP,1768171698895,0,KALSHI,KALSHI-TEST-DEEP,KALSHI,KALSHI,API,,False,SELF_REFERENTIAL,0,,,,,False,NO_DATA,0,,,,,,0.0,0.0,0.0,0,KALSHI_PREDICTION,UNKNOWN,,VENUE,STUB,NO_TRADE,NO_DATA,,[],0.0,0.0,0.0,0,False,,0.0,SIGNAL_UNAVAILABLE,,0.0,SIGNAL_UNAVAILABLE,,,
1768171759391,KALSHI-TEST-DEEP,1768171759391,0,KALSHI,KALSHI-TEST-DEEP,KALSHI,KALSHI,API,,False,SELF_REFERENTIAL,0,,,,,False,NO_DATA,0,,,,,,0.0,0.0,0.0,0,KALSHI_PREDICTION,UNKNOWN,,VENUE,STUB,NO_TRADE,NO_DATA,,[],0.0,0.0,0.0,0,False,,0.0,SIGNAL_UNAVAILABLE,,0.0,SIGNAL_UNAVAILABLE,,,
1768171819887,KALSHI-TEST-DEEP,1768171819887,0,KALSHI,KALSHI-TEST-DEEP,KALSHI,KALSHI,API,,False,SELF_REFERENTIAL,0,,,,,False,NO_DATA,0,,,,,,0.0,0.0,0.0,0,KALSHI_PREDICTION,UNKNOWN,,VENUE,STUB,NO_TRADE,NO_DATA,,[],0.0,0.0,0.0,0,False,,0.0,SIGNAL_UNAVAILABLE,,0.0,SIGNAL_UNAVAILABLE,,,
1768171880383,KALSHI-TEST-DEEP,1768171880383,0,KALSHI,KALSHI-TEST-DEEP,KALSHI,KALSHI,API,,False,SELF_REFERENTIAL,0,,,,,False,NO_DATA,0,,,,,,0.0,0.0,0.0,0,KALSHI_PREDICTION,UNKNOWN,,VENUE,STUB,NO_TRADE,NO_DATA,,[],0.0,0.0,0.0,0,False,,0.0,SIGNAL_UNAVAILABLE,,0.0,SIGNAL_UNAVAILABLE,,,
1768171940879,KALSHI-TEST-DEEP,1768171940879,0,KALSHI,KALSHI-TEST-DEEP,KALSHI,KALSHI,API,,False,SELF_REFERENTIAL,0,,,,,False,NO_DATA,0,,,,,,0.0,0.0,0.0,0,KALSHI_PREDICTION,UNKNOWN,,VENUE,STUB,NO_TRADE,NO_DATA,,[],0.0,0.0,0.0,0,False,,0.0,SIGNAL_UNAVAILABLE,,0.0,SIGNAL_UNAVAILABLE,,,
1768172001385,KALSHI-TEST-DEEP,1768172001385,0,KALSHI,KALSHI-TEST-DEEP,KALSHI,KALSHI,API,,False,SELF_REFERENTIAL,0,,,,,False,NO_DATA,0,,,,,,0.0,0.0,0.0,0,KALSHI_PREDICTION,UNKNOWN,,VENUE,STUB,NO_TRADE,NO_DATA,,[],0.0,0.0,0.0,0,False,,0.0,SIGNAL_UNAVAILABLE,,0.0,SIGNAL_UNAVAILABLE,,,
1768172061878,KALSHI-TEST-DEEP,1768172061878,0,KALSHI,KALSHI-TEST-DEEP,KALSHI,KALSHI,API,,False,SELF_REFERENTIAL,0,,,,,False,NO_DATA,0,,,,,,0.0,0.0,0.0,0,KALSHI_PREDICTION,UNKNOWN,,VENUE,STUB,NO_TRADE,NO_DATA,,[],0.0,0.0,0.0,0,False,,0.0,SIGNAL_UNAVAILABLE,,0.0,SIGNAL_UNAVAILABLE,,,
1768172122382,KALSHI-TEST-DEEP,1768172122382,0,KALSHI,KALSHI-TEST-DEEP,KALSHI,KALSHI,API,,False,SELF_REFERENTIAL,0,,,,,False,NO_DATA,0,,,,,,0.0,0.0,0.0,0,KALSHI_PREDICTION,UNKNOWN,,VENUE,STUB,NO_TRADE,NO_DATA,,[],0.0,0.0,0.0,0,False,,0.0,SIGNAL_UNAVAILABLE,,0.0,SIGNAL_UNAVAILABLE,,,
1768172182890,KALSHI-TEST-DEEP,1768172182890,0,KALSHI,KALSHI-TEST-DEEP,KALSHI,KALSHI,API,,False,SELF_REFERENTIAL,0,,,,,False,NO_DATA,0,,,,,,0.0,0.0,0.0,0,KALSHI_PREDICTION,UNKNOWN,,VENUE,STUB,NO_TRADE,NO_DATA,,[],0.0,0.0,0.0,0,False,,0.0,SIGNAL_UNAVAILABLE,,0.0,SIGNAL_UNAVAILABLE,,,
1768172243383,KALSHI-TEST-DEEP,1768172243383,0,KALSHI,KALSHI-TEST-DEEP,KALSHI,KALSHI,API,,False,SELF_REFERENTIAL,0,,,,,False,NO_DATA,0,,,,,,0.0,0.0,0.0,0,KALSHI_PREDICTION,UNKNOWN,,VENUE,STUB,NO_TRADE,NO_DATA,,[],0.0,0.0,0.0,0,False,,0.0,SIGNAL_UNAVAILABLE,,0.0,SIGNAL_UNAVAILABLE,,,
1768172303887,KALSHI-TEST-DEEP,1768172303887,0,KALSHI,KALSHI-TEST-DEEP,KALSHI,KALSHI,API,,False,SELF_REFERENTIAL,0,,,,,False,NO_DATA,0,,,,,,0.0,0.0,0.0,0,KALSHI_PREDICTION,UNKNOWN,,VENUE,STUB,NO_TRADE,NO_DATA,,[],0.0,0.0,0.0,0,False,,0.0,SIGNAL_UNAVAILABLE,,0.0,SIGNAL_UNAVAILABLE,,,
1768172364379,KALSHI-TEST-DEEP,1768172364379,0,KALSHI,KALSHI-TEST-DEEP,KALSHI,KALSHI,API,,False,SELF_REFERENTIAL,0,,,,,False,NO_DATA,0,,,,,,0.0,0.0,0.0,0,KALSHI_PREDICTION,UNKNOWN,,VENUE,STUB,NO_TRADE,NO_DATA,,[],0.0,0.0,0.0,0,False,,0.0,SIGNAL_UNAVAILABLE,,0.0,SIGNAL_UNAVAILABLE,,,
1768172424881,KALSHI-TEST-DEEP,1768172424881,0,KALSHI,KALSHI-TEST-DEEP,KALSHI,KALSHI,API,,False,SELF_REFERENTIAL,0,,,,,False,NO_DATA,0,,,,,,0.0,0.0,0.0,0,KALSHI_PREDICTION,UNKNOWN,,VENUE,STUB,NO_TRADE,NO_DATA,,[],0.0,0.0,0.0,0,False,,0.0,SIGNAL_UNAVAILABLE,,0.0,SIGNAL_UNAVAILABLE,,,
1768172485380,KALSHI-TEST-DEEP,1768172485380,0,KALSHI,KALSHI-TEST-DEEP,KALSHI,KALSHI,API,,False,SELF_REFERENTIAL,0,,,,,False,NO_DATA,0,,,,,,0.0,0.0,0.0,0,KALSHI_PREDICTION,UNKNOWN,,VENUE,STUB,NO_TRADE,NO_DATA,,[],0.0,0.0,0.0,0,False,,0.0,SIGNAL_UNAVAILABLE,,0.0,SIGNAL_UNAVAILABLE,,,
1768172545888,KALSHI-TEST-DEEP,1768172545888,0,KALSHI,KALSHI-TEST-DEEP,KALSHI,KALSHI,API,,False,SELF_REFERENTIAL,0,,,,,False,NO_DATA,0,,,,,,0.0,0.0,0.0,0,KALSHI_PREDICTION,UNKNOWN,,VENUE,STUB,NO_TRADE,NO_DATA,,[],0.0,0.0,0.0,0,False,,0.0,SIGNAL_UNAVAILABLE,,0.0,SIGNAL_UNAVAILABLE,,,
1768172606401,KALSHI-TEST-DEEP,1768172606401,0,KALSHI,KALSHI-TEST-DEEP,KALSHI,KALSHI,API,,False,SELF_REFERENTIAL,0,,,,,False,NO_DATA,0,,,,,,0.0,0.0,0.0,0,KALSHI_PREDICTION,UNKNOWN,,VENUE,STUB,NO_TRADE,NO_DATA,,[],0.0,0.0,0.0,0,False,,0.0,SIGNAL_UNAVAILABLE,,0.0,SIGNAL_UNAVAILABLE,,,
1768172666888,KALSHI-TEST-DEEP,1768172666888,0,KALSHI,KALSHI-TEST-DEEP,KALSHI,KALSHI,API,,False,SELF_REFERENTIAL,0,,,,,False,NO_DATA,0,,,,,,0.0,0.0,0.0,0,KALSHI_PREDICTION,UNKNOWN,,VENUE,STUB,NO_TRADE,NO_DATA,,[],0.0,0.0,0.0,0,False,,0.0,SIGNAL_UNAVAILABLE,,0.0,SIGNAL_UNAVAILABLE,,,
1768172727436,KALSHI-TEST-DEEP,1768172727436,0,KALSHI,KALSHI-TEST-DEEP,KALSHI,KALSHI,API,,False,SELF_REFERENTIAL,0,,,,,False,NO_DATA,0,,,,,,0.0,0.0,0.0,0,KALSHI_PREDICTION,UNKNOWN,,VENUE,STUB,NO_TRADE,NO_DATA,,[],0.0,0.0,0.0,0,False,,0.0,SIGNAL_UNAVAILABLE,,0.0,SIGNAL_UNAVAILABLE,,,
1768172787889,KALSHI-TEST-DEEP,1768172787889,0,KALSHI,KALSHI-TEST-DEEP,KALSHI,KALSHI,API,,False,SELF_REFERENTIAL,0,,,,,False,NO_DATA,0,,,,,,0.0,0.0,0.0,0,KALSHI_PREDICTION,UNKNOWN,,VENUE,STUB,NO_TRADE,NO_DATA,,[],0.0,0.0,0.0,0,False,,0.0,SIGNAL_UNAVAILABLE,,0.0,SIGNAL_UNAVAILABLE,,,
1768172848392,KALSHI-TEST-DEEP,1768172848392,0,KALSHI,KALSHI-TEST-DEEP,KALSHI,KALSHI,API,,False,SELF_REFERENTIAL,0,,,,,False,NO_DATA,0,,,,,,0.0,0.0,0.0,0,KALSHI_PREDICTION,UNKNOWN,,VENUE,STUB,NO_TRADE,NO_DATA,,[],0.0,0.0,0.0,0,False,,0.0,SIGNAL_UNAVAILABLE,,0.0,SIGNAL_UNAVAILABLE,,,
1768172908884,KALSHI-TEST-DEEP,1768172908884,0,KALSHI,KALSHI-TEST-DEEP,KALSHI,KALSHI,API,,False,SELF_REFERENTIAL,0,,,,,False,NO_DATA,0,,,,,,0.0,0.0,0.0,0,KALSHI_PREDICTION,UNKNOWN,,VENUE,STUB,NO_TRADE,NO_DATA,,[],0.0,0.0,0.0,0,False,,0.0,SIGNAL_UNAVAILABLE,,0.0,SIGNAL_UNAVAILABLE,,,
1768172969391,KALSHI-TEST-DEEP,1768172969391,0,KALSHI,KALSHI-TEST-DEEP,KALSHI,KALSHI,API,,False,SELF_REFERENTIAL,0,,,,,False,NO_DATA,0,,,,,,0.0,0.0,0.0,0,KALSHI_PREDICTION,UNKNOWN,,VENUE,STUB,NO_TRADE,NO_DATA,,[],0.0,0.0,0.0,0,False,,0.0,SIGNAL_UNAVAILABLE,,0.0,SIGNAL_UNAVAILABLE,,,
1768173029890,KALSHI-TEST-DEEP,1768173029890,0,KALSHI,KALSHI-TEST-DEEP,KALSHI,KALSHI,API,,False,SELF_REFERENTIAL,0,,,,,False,NO_DATA,0,,,,,,0.0,0.0,0.0,0,KALSHI_PREDICTION,UNKNOWN,,VENUE,STUB,NO_TRADE,NO_DATA,,[],0.0,0.0,0.0,0,False,,0.0,SIGNAL_UNAVAILABLE,,0.0,SIGNAL_UNAVAILABLE,,,
1768173090390,KALSHI-TEST-DEEP,1768173090390,0,KALSHI,KALSHI-TEST-DEEP,KALSHI,KALSHI,API,,False,SELF_REFERENTIAL,0,,,,,False,NO_DATA,0,,,,,,0.0,0.0,0.0,0,KALSHI_PREDICTION,UNKNOWN,,VENUE,STUB,NO_TRADE,NO_DATA,,[],0.0,0.0,0.0,0,False,,0.0,SIGNAL_UNAVAILABLE,,0.0,SIGNAL_UNAVAILABLE,,,
1768173150884,KALSHI-TEST-DEEP,1768173150884,0,KALSHI,KALSHI-TEST-DEEP,KALSHI,KALSHI,API,,False,SELF_REFERENTIAL,0,,,,,False,NO_DATA,0,,,,,,0.0,0.0,0.0,0,KALSHI_PREDICTION,UNKNOWN,,VENUE,STUB,NO_TRADE,NO_DATA,,[],0.0,0.0,0.0,0,False,,0.0,SIGNAL_UNAVAILABLE,,0.0,SIGNAL_UNAVAILABLE,,,
1768173211375,KALSHI-TEST-DEEP,1768173211375,0,KALSHI,KALSHI-TEST-DEEP,KALSHI,KALSHI,API,,False,SELF_REFERENTIAL,0,,,,,False,NO_DATA,0,,,,,,0.0,0.0,0.0,0,KALSHI_PREDICTION,UNKNOWN,,VENUE,STUB,NO_TRADE,NO_DATA,,[],0.0,0.0,0.0,0,False,,0.0,SIGNAL_UNAVAILABLE,,0.0,SIGNAL_UNAVAILABLE,,,
1768173271885,KALSHI-TEST-DEEP,1768173271885,0,KALSHI,KALSHI-TEST-DEEP,KALSHI,KALSHI,API,,False,SELF_REFERENTIAL,0,,,,,False,NO_DATA,0,,,,,,0.0,0.0,0.0,0,KALSHI_PREDICTION,UNKNOWN,,VENUE,STUB,NO_TRADE,NO_DATA,,[],0.0,0.0,0.0,0,False,,0.0,SIGNAL_UNAVAILABLE,,0.0,SIGNAL_UNAVAILABLE,,,
1768173332385,KALSHI-TEST-DEEP,1768173332385,0,KALSHI,KALSHI-TEST-DEEP,KALSHI,KALSHI,API,,False,SELF_REFERENTIAL,0,,,,,False,NO_DATA,0,,,,,,0.0,0.0,0.0,0,KALSHI_PREDICTION,UNKNOWN,,VENUE,STUB,NO_TRADE,NO_DATA,,[],0.0,0.0,0.0,0,False,,0.0,SIGNAL_UNAVAILABLE,,0.0,SIGNAL_UNAVAILABLE,,,
1768173392881,KALSHI-TEST-DEEP,1768173392881,0,KALSHI,KALSHI-TEST-DEEP,KALSHI,KALSHI,API,,False,SELF_REFERENTIAL,0,,,,,False,NO_DATA,0,,,,,,0.0,0.0,0.0,0,KALSHI_PREDICTION,UNKNOWN,,VENUE,STUB,NO_TRADE,NO_DATA,,[],0.0,0.0,0.0,0,False,,0.0,SIGNAL_UNAVAILABLE,,0.0,SIGNAL_UNAVAILABLE,,,
1768173453379,KALSHI-TEST-DEEP,1768173453379,0,KALSHI,KALSHI-TEST-DEEP,KALSHI,KALSHI,API,,False,SELF_REFERENTIAL,0,,,,,False,NO_DATA,0,,,,,,0.0,0.0,0.0,0,KALSHI_PREDICTION,UNKNOWN,,VENUE,STUB,NO_TRADE,NO_DATA,,[],0.0,0.0,0.0,0,False,,0.0,SIGNAL_UNAVAILABLE,,0.0,SIGNAL_UNAVAILABLE,,,
1768173513888,KALSHI-TEST-DEEP,1768173513888,0,KALSHI,KALSHI-TEST-DEEP,KALSHI,KALSHI,API,,False,SELF_REFERENTIAL,0,,,,,False,NO_DATA,0,,,,,,0.0,0.0,0.0,0,KALSHI_PREDICTION,UNKNOWN,,VENUE,STUB,NO_TRADE,NO_DATA,,[],0.0,0.0,0.0,0,False,,0.0,SIGNAL_UNAVAILABLE,,0.0,SIGNAL_UNAVAILABLE,,,
1768173574415,KALSHI-TEST-DEEP,1768173574415,0,KALSHI,KALSHI-TEST-DEEP,KALSHI,KALSHI,API,,False,SELF_REFERENTIAL,0,,,,,False,NO_DATA,0,,,,,,0.0,0.0,0.0,0,KALSHI_PREDICTION,UNKNOWN,,VENUE,STUB,NO_TRADE,NO_DATA,,[],0.0,0.0,0.0,0,False,,0.0,SIGNAL_UNAVAILABLE,,0.0,SIGNAL_UNAVAILABLE,,,
1768173634883,KALSHI-TEST-DEEP,1768173634883,0,KALSHI,KALSHI-TEST-DEEP,KALSHI,KALSHI,API,,False,SELF_REFERENTIAL,0,,,,,False,NO_DATA,0,,,,,,0.0,0.0,0.0,0,KALSHI_PREDICTION,UNKNOWN,,VENUE,STUB,NO_TRADE,NO_DATA,,[],0.0,0.0,0.0,0,False,,0.0,SIGNAL_UNAVAILABLE,,0.0,SIGNAL_UNAVAILABLE,,,
1768173695382,KALSHI-TEST-DEEP,1768173695382,0,KALSHI,KALSHI-TEST-DEEP,KALSHI,KALSHI,API,,False,SELF_REFERENTIAL,0,,,,,False,NO_DATA,0,,,,,,0.0,0.0,0.0,0,KALSHI_PREDICTION,UNKNOWN,,VENUE,STUB,NO_TRADE,NO_DATA,,[],0.0,0.0,0.0,0,False,,0.0,SIGNAL_UNAVAILABLE,,0.0,SIGNAL_UNAVAILABLE,,,
1768173755887,KALSHI-TEST-DEEP,1768173755887,0,KALSHI,KALSHI-TEST-DEEP,KALSHI,KALSHI,API,,False,SELF_REFERENTIAL,0,,,,,False,NO_DATA,0,,,,,,0.0,0.0,0.0,0,KALSHI_PREDICTION,UNKNOWN,,VENUE,STUB,NO_TRADE,NO_DATA,,[],0.0,0.0,0.0,0,False,,0.0,SIGNAL_UNAVAILABLE,,0.0,SIGNAL_UNAVAILABLE,,,
1768173816387,KALSHI-TEST-DEEP,1768173816387,0,KALSHI,KALSHI-TEST-DEEP,KALSHI,KALSHI,API,,False,SELF_REFERENTIAL,0,,,,,False,NO_DATA,0,,,,,,0.0,0.0,0.0,0,KALSHI_PREDICTION,UNKNOWN,,VENUE,STUB,NO_TRADE,NO_DATA,,[],0.0,0.0,0.0,0,False,,0.0,SIGNAL_UNAVAILABLE,,0.0,SIGNAL_UNAVAILABLE,,,
1768173876887,KALSHI-TEST-DEEP,1768173876887,0,KALSHI,KALSHI-TEST-DEEP,KALSHI,KALSHI,API,,False,SELF_REFERENTIAL,0,,,,,False,NO_DATA,0,,,,,,0.0,0.0,0.0,0,KALSHI_PREDICTION,UNKNOWN,,VENUE,STUB,NO_TRADE,NO_DATA,,[],0.0,0.0,0.0,0,False,,0.0,SIGNAL_UNAVAILABLE,,0.0,SIGNAL_UNAVAILABLE,,,
1768173937386,KALSHI-TEST-DEEP,1768173937386,0,KALSHI,KALSHI-TEST-DEEP,KALSHI,KALSHI,API,,False,SELF_REFERENTIAL,0,,,,,False,NO_DATA,0,,,,,,0.0,0.0,0.0,0,KALSHI_PREDICTION,UNKNOWN,,VENUE,STUB,NO_TRADE,NO_DATA,,[],0.0,0.0,0.0,0,False,,0.0,SIGNAL_UNAVAILABLE,,0.0,SIGNAL_UNAVAILABLE,,,
1768173997536,KALSHI-TEST-DEEP,1768173997536,0,KALSHI,KALSHI-TEST-DEEP,KALSHI,KALSHI,API,,False,SELF_REFERENTIAL,0,,,,,False,NO_DATA,0,,,,,,0.0,0.0,0.0,0,KALSHI_PREDICTION,UNKNOWN,,VENUE,STUB,NO_TRADE,NO_DATA,,[],0.0,0.0,0.0,0,False,,0.0,SIGNAL_UNAVAILABLE,,0.0,SIGNAL_UNAVAILABLE,,,
1768174058379,KALSHI-TEST-DEEP,1768174058379,0,KALSHI,KALSHI-TEST-DEEP,KALSHI,KALSHI,API,,False,SELF_REFERENTIAL,0,,,,,False,NO_DATA,0,,,,,,0.0,0.0,0.0,0,KALSHI_PREDICTION,UNKNOWN,,VENUE,STUB,NO_TRADE,NO_DATA,,[],0.0,0.0,0.0,0,False,,0.0,SIGNAL_UNAVAILABLE,,0.0,SIGNAL_UNAVAILABLE,,,
1768174118881,KALSHI-TEST-DEEP,1768174118881,0,KALSHI,KALSHI-TEST-DEEP,KALSHI,KALSHI,API,,False,SELF_REFERENTIAL,0,,,,,False,NO_DATA,0,,,,,,0.0,0.0,0.0,0,KALSHI_PREDICTION,UNKNOWN,,VENUE,STUB,NO_TRADE,NO_DATA,,[],0.0,0.0,0.0,0,False,,0.0,SIGNAL_UNAVAILABLE,,0.0,SIGNAL_UNAVAILABLE,,,
1768174179385,KALSHI-TEST-DEEP,1768174179385,0,KALSHI,KALSHI-TEST-DEEP,KALSHI,KALSHI,API,,False,SELF_REFERENTIAL,0,,,,,False,NO_DATA,0,,,,,,0.0,0.0,0.0,0,KALSHI_PREDICTION,UNKNOWN,,VENUE,STUB,NO_TRADE,NO_DATA,,[],0.0,0.0,0.0,0,False,,0.0,SIGNAL_UNAVAILABLE,,0.0,SIGNAL_UNAVAILABLE,,,
1768174239890,KALSHI-TEST-DEEP,1768174239890,0,KALSHI,KALSHI-TEST-DEEP,KALSHI,KALSHI,API,,False,SELF_REFERENTIAL,0,,,,,False,NO_DATA,0,,,,,,0.0,0.0,0.0,0,KALSHI_PREDICTION,UNKNOWN,,VENUE,STUB,NO_TRADE,NO_DATA,,[],0.0,0.0,0.0,0,False,,0.0,SIGNAL_UNAVAILABLE,,0.0,SIGNAL_UNAVAILABLE,,,
1768174300379,KALSHI-TEST-DEEP,1768174300379,0,KALSHI,KALSHI-TEST-DEEP,KALSHI,KALSHI,API,,False,SELF_REFERENTIAL,0,,,,,False,NO_DATA,0,,,,,,0.0,0.0,0.0,0,KALSHI_PREDICTION,UNKNOWN,,VENUE,STUB,NO_TRADE,NO_DATA,,[],0.0,0.0,0.0,0,False,,0.0,SIGNAL_UNAVAILABLE,,0.0,SIGNAL_UNAVAILABLE,,,
1768174360882,KALSHI-TEST-DEEP,1768174360882,0,KALSHI,KALSHI-TEST-DEEP,KALSHI,KALSHI,API,,False,SELF_REFERENTIAL,0,,,,,False,NO_DATA,0,,,,,,0.0,0.0,0.0,0,KALSHI_PREDICTION,UNKNOWN,,VENUE,STUB,NO_TRADE,NO_DATA,,[],0.0,0.0,0.0,0,False,,0.0,SIGNAL_UNAVAILABLE,,0.0,SIGNAL_UNAVAILABLE,,,
1768174421380,KALSHI-TEST-DEEP,1768174421380,0,KALSHI,KALSHI-TEST-DEEP,KALSHI,KALSHI,API,,False,SELF_REFERENTIAL,0,,,,,False,NO_DATA,0,,,,,,0.0,0.0,0.0,0,KALSHI_PREDICTION,UNKNOWN,,VENUE,STUB,NO_TRADE,NO_DATA,,[],0.0,0.0,0.0,0,False,,0.0,SIGNAL_UNAVAILABLE,,0.0,SIGNAL_UNAVAILABLE,,,
1768174481884,KALSHI-TEST-DEEP,1768174481884,0,KALSHI,KALSHI-TEST-DEEP,KALSHI,KALSHI,API,,False,SELF_REFERENTIAL,0,,,,,False,NO_DATA,0,,,,,,0.0,0.0,0.0,0,KALSHI_PREDICTION,UNKNOWN,,VENUE,STUB,NO_TRADE,NO_DATA,,[],0.0,0.0,0.0,0,False,,0.0,SIGNAL_UNAVAILABLE,,0.0,SIGNAL_UNAVAILABLE,,,
1768174542395,KALSHI-TEST-DEEP,1768174542395,0,KALSHI,KALSHI-TEST-DEEP,KALSHI,KALSHI,API,,False,SELF_REFERENTIAL,0,,,,,False,NO_DATA,0,,,,,,0.0,0.0,0.0,0,KALSHI_PREDICTION,UNKNOWN,,VENUE,STUB,NO_TRADE,NO_DATA,,[],0.0,0.0,0.0,0,False,,0.0,SIGNAL_UNAVAILABLE,,0.0,SIGNAL_UNAVAILABLE,,,
1768174602893,KALSHI-TEST-DEEP,1768174602893,0,KALSHI,KALSHI-TEST-DEEP,KALSHI,KALSHI,API,,False,SELF_REFERENTIAL,0,,,,,False,NO_DATA,0,,,,,,0.0,0.0,0.0,0,KALSHI_PREDICTION,UNKNOWN,,VENUE,STUB,NO_TRADE,NO_DATA,,[],0.0,0.0,0.0,0,False,,0.0,SIGNAL_UNAVAILABLE,,0.0,SIGNAL_UNAVAILABLE,,,
1768174663384,KALSHI-TEST-DEEP,1768174663384,0,KALSHI,KALSHI-TEST-DEEP,KALSHI,KALSHI,API,,False,SELF_REFERENTIAL,0,,,,,False,NO_DATA,0,,,,,,0.0,0.0,0.0,0,KALSHI_PREDICTION,UNKNOWN,,VENUE,STUB,NO_TRADE,NO_DATA,,[],0.0,0.0,0.0,0,False,,0.0,SIGNAL_UNAVAILABLE,,0.0,SIGNAL_UNAVAILABLE,,,
1768174723877,KALSHI-TEST-DEEP,1768174723877,0,KALSHI,KALSHI-TEST-DEEP,KALSHI,KALSHI,API,,False,SELF_REFERENTIAL,0,,,,,False,NO_DATA,0,,,,,,0.0,0.0,0.0,0,KALSHI_PREDICTION,UNKNOWN,,VENUE,STUB,NO_TRADE,NO_DATA,,[],0.0,0.0,0.0,0,False,,0.0,SIGNAL_UNAVAILABLE,,0.0,SIGNAL_UNAVAILABLE,,,
1768174784400,KALSHI-TEST-DEEP,1768174784400,0,KALSHI,KALSHI-TEST-DEEP,KALSHI,KALSHI,API,,False,SELF_REFERENTIAL,0,,,,,False,NO_DATA,0,,,,,,0.0,0.0,0.0,0,KALSHI_PREDICTION,UNKNOWN,,VENUE,STUB,NO_TRADE,NO_DATA,,[],0.0,0.0,0.0,0,False,,0.0,SIGNAL_UNAVAILABLE,,0.0,SIGNAL_UNAVAILABLE,,,
1768174844883,KALSHI-TEST-DEEP,1768174844883,0,KALSHI,KALSHI-TEST-DEEP,KALSHI,KALSHI,API,,False,SELF_REFERENTIAL,0,,,,,False,NO_DATA,0,,,,,,0.0,0.0,0.0,0,KALSHI_PREDICTION,UNKNOWN,,VENUE,STUB,NO_TRADE,NO_DATA,,[],0.0,0.0,0.0,0,False,,0.0,SIGNAL_UNAVAILABLE,,0.0,SIGNAL_UNAVAILABLE,,,
1768174905395,KALSHI-TEST-DEEP,1768174905395,0,KALSHI,KALSHI-TEST-DEEP,KALSHI,KALSHI,API,,False,SELF_REFERENTIAL,0,,,,,False,NO_DATA,0,,,,,,0.0,0.0,0.0,0,KALSHI_PREDICTION,UNKNOWN,,VENUE,STUB,NO_TRADE,NO_DATA,,[],0.0,0.0,0.0,0,False,,0.0,SIGNAL_UNAVAILABLE,,0.0,SIGNAL_UNAVAILABLE,,,
1768174965886,KALSHI-TEST-DEEP,1768174965886,0,KALSHI,KALSHI-TEST-DEEP,KALSHI,KALSHI,API,,False,SELF_REFERENTIAL,0,,,,,False,NO_DATA,0,,,,,,0.0,0.0,0.0,0,KALSHI_PREDICTION,UNKNOWN,,VENUE,STUB,NO_TRADE,NO_DATA,,[],0.0,0.0,0.0,0,False,,0.0,SIGNAL_UNAVAILABLE,,0.0,SIGNAL_UNAVAILABLE,,,
1768175026383,KALSHI-TEST-DEEP,1768175026383,0,KALSHI,KALSHI-TEST-DEEP,KALSHI,KALSHI,API,,False,SELF_REFERENTIAL,0,,,,,False,NO_DATA,0,,,,,,0.0,0.0,0.0,0,KALSHI_PREDICTION,UNKNOWN,,VENUE,STUB,NO_TRADE,NO_DATA,,[],0.0,0.0,0.0,0,False,,0.0,SIGNAL_UNAVAILABLE,,0.0,SIGNAL_UNAVAILABLE,,,
1768175086900,KALSHI-TEST-DEEP,1768175086900,0,KALSHI,KALSHI-TEST-DEEP,KALSHI,KALSHI,API,,False,SELF_REFERENTIAL,0,,,,,False,NO_DATA,0,,,,,,0.0,0.0,0.0,0,KALSHI_PREDICTION,UNKNOWN,,VENUE,STUB,NO_TRADE,NO_DATA,,[],0.0,0.0,0.0,0,False,,0.0,SIGNAL_UNAVAILABLE,,0.0,SIGNAL_UNAVAILABLE,,,
1768175147392,KALSHI-TEST-DEEP,1768175147392,0,KALSHI,KALSHI-TEST-DEEP,KALSHI,KALSHI,API,,False,SELF_REFERENTIAL,0,,,,,False,NO_DATA,0,,,,,,0.0,0.0,0.0,0,KALSHI_PREDICTION,UNKNOWN,,VENUE,STUB,NO_TRADE,NO_DATA,,[],0.0,0.0,0.0,0,False,,0.0,SIGNAL_UNAVAILABLE,,0.0,SIGNAL_UNAVAILABLE,,,
1768175207883,KALSHI-TEST-DEEP,1768175207883,0,KALSHI,KALSHI-TEST-DEEP,KALSHI,KALSHI,API,,False,SELF_REFERENTIAL,0,,,,,False,NO_DATA,0,,,,,,0.0,0.0,0.0,0,KALSHI_PREDICTION,UNKNOWN,,VENUE,STUB,NO_TRADE,NO_DATA,,[],0.0,0.0,0.0,0,False,,0.0,SIGNAL_UNAVAILABLE,,0.0,SIGNAL_UNAVAILABLE,,,
1768175268383,KALSHI-TEST-DEEP,1768175268383,0,KALSHI,KALSHI-TEST-DEEP,KALSHI,KALSHI,API,,False,SELF_REFERENTIAL,0,,,,,False,NO_DATA,0,,,,,,0.0,0.0,0.0,0,KALSHI_PREDICTION,UNKNOWN,,VENUE,STUB,NO_TRADE,NO_DATA,,[],0.0,0.0,0.0,0,False,,0.0,SIGNAL_UNAVAILABLE,,0.0,SIGNAL_UNAVAILABLE,,,
1768175328880,KALSHI-TEST-DEEP,1768175328880,0,KALSHI,KALSHI-TEST-DEEP,KALSHI,KALSHI,API,,False,SELF_REFERENTIAL,0,,,,,False,NO_DATA,0,,,,,,0.0,0.0,0.0,0,KALSHI_PREDICTION,UNKNOWN,,VENUE,STUB,NO_TRADE,NO_DATA,,[],0.0,0.0,0.0,0,False,,0.0,SIGNAL_UNAVAILABLE,,0.0,SIGNAL_UNAVAILABLE,,,
1768175389385,KALSHI-TEST-DEEP,1768175389385,0,KALSHI,KALSHI-TEST-DEEP,KALSHI,KALSHI,API,,False,SELF_REFERENTIAL,0,,,,,False,NO_DATA,0,,,,,,0.0,0.0,0.0,0,KALSHI_PREDICTION,UNKNOWN,,VENUE,STUB,NO_TRADE,NO_DATA,,[],0.0,0.0,0.0,0,False,,0.0,SIGNAL_UNAVAILABLE,,0.0,SIGNAL_UNAVAILABLE,,,
1768175449378,KALSHI-TEST-DEEP,1768175449378,0,KALSHI,KALSHI-TEST-DEEP,KALSHI,KALSHI,API,,False,SELF_REFERENTIAL,0,,,,,False,NO_DATA,0,,,,,,0.0,0.0,0.0,0,KALSHI_PREDICTION,UNKNOWN,,VENUE,STUB,NO_TRADE,NO_DATA,,[],0.0,0.0,0.0,0,False,,0.0,SIGNAL_UNAVAILABLE,,0.0,SIGNAL_UNAVAILABLE,,,
1768175509825,KALSHI-TEST-DEEP,1768175509825,0,KALSHI,KALSHI-TEST-DEEP,KALSHI,KALSHI,API,,False,SELF_REFERENTIAL,0,,,,,False,NO_DATA,0,,,,,,0.0,0.0,0.0,0,KALSHI_PREDICTION,UNKNOWN,,VENUE,STUB,NO_TRADE,NO_DATA,,[],0.0,0.0,0.0,0,False,,0.0,SIGNAL_UNAVAILABLE,,0.0,SIGNAL_UNAVAILABLE,,,
1768175570369,KALSHI-TEST-DEEP,1768175570369,0,KALSHI,KALSHI-TEST-DEEP,KALSHI,KALSHI,API,,False,SELF_REFERENTIAL,0,,,,,False,NO_DATA,0,,,,,,0.0,0.0,0.0,0,KALSHI_PREDICTION,UNKNOWN,,VENUE,STUB,NO_TRADE,NO_DATA,,[],0.0,0.0,0.0,0,False,,0.0,SIGNAL_UNAVAILABLE,,0.0,SIGNAL_UNAVAILABLE,,,
1768175631388,KALSHI-TEST-DEEP,1768175631388,0,KALSHI,KALSHI-TEST-DEEP,KALSHI,KALSHI,API,,False,SELF_REFERENTIAL,0,,,,,False,NO_DATA,0,,,,,,0.0,0.0,0.0,0,KALSHI_PREDICTION,UNKNOWN,,VENUE,STUB,NO_TRADE,NO_DATA,,[],0.0,0.0,0.0,0,False,,0.0,SIGNAL_UNAVAILABLE,,0.0,SIGNAL_UNAVAILABLE,,,
1768175691882,KALSHI-TEST-DEEP,1768175691882,0,KALSHI,KALSHI-TEST-DEEP,KALSHI,KALSHI,API,,False,SELF_REFERENTIAL,0,,,,,False,NO_DATA,0,,,,,,0.0,0.0,0.0,0,KALSHI_PREDICTION,UNKNOWN,,VENUE,STUB,NO_TRADE,NO_DATA,,[],0.0,0.0,0.0,0,False,,0.0,SIGNAL_UNAVAILABLE,,0.0,SIGNAL_UNAVAILABLE,,,
1768175752384,KALSHI-TEST-DEEP,1768175752384,0,KALSHI,KALSHI-TEST-DEEP,KALSHI,KALSHI,API,,False,SELF_REFERENTIAL,0,,,,,False,NO_DATA,0,,,,,,0.0,0.0,0.0,0,KALSHI_PREDICTION,UNKNOWN,,VENUE,STUB,NO_TRADE,NO_DATA,,[],0.0,0.0,0.0,0,False,,0.0,SIGNAL_UNAVAILABLE,,0.0,SIGNAL_UNAVAILABLE,,,
1768175812885,KALSHI-TEST-DEEP,1768175812885,0,KALSHI,KALSHI-TEST-DEEP,KALSHI,KALSHI,API,,False,SELF_REFERENTIAL,0,,,,,False,NO_DATA,0,,,,,,0.0,0.0,0.0,0,KALSHI_PREDICTION,UNKNOWN,,VENUE,STUB,NO_TRADE,NO_DATA,,[],0.0,0.0,0.0,0,False,,0.0,SIGNAL_UNAVAILABLE,,0.0,SIGNAL_UNAVAILABLE,,,
1768175873386,KALSHI-TEST-DEEP,1768175873386,0,KALSHI,KALSHI-TEST-DEEP,KALSHI,KALSHI,API,,False,SELF_REFERENTIAL,0,,,,,False,NO_DATA,0,,,,,,0.0,0.0,0.0,0,KALSHI_PREDICTION,UNKNOWN,,VENUE,STUB,NO_TRADE,NO_DATA,,[],0.0,0.0,0.0,0,False,,0.0,SIGNAL_UNAVAILABLE,,0.0,SIGNAL_UNAVAILABLE,,,
1768175933881,KALSHI-TEST-DEEP,1768175933881,0,KALSHI,KALSHI-TEST-DEEP,KALSHI,KALSHI,API,,False,SELF_REFERENTIAL,0,,,,,False,NO_DATA,0,,,,,,0.0,0.0,0.0,0,KALSHI_PREDICTION,UNKNOWN,,VENUE,STUB,NO_TRADE,NO_DATA,,[],0.0,0.0,0.0,0,False,,0.0,SIGNAL_UNAVAILABLE,,0.0,SIGNAL_UNAVAILABLE,,,
1768175994392,KALSHI-TEST-DEEP,1768175994392,0,KALSHI,KALSHI-TEST-DEEP,KALSHI,KALSHI,API,,False,SELF_REFERENTIAL,0,,,,,False,NO_DATA,0,,,,,,0.0,0.0,0.0,0,KALSHI_PREDICTION,UNKNOWN,,VENUE,STUB,NO_TRADE,NO_DATA,,[],0.0,0.0,0.0,0,False,,0.0,SIGNAL_UNAVAILABLE,,0.0,SIGNAL_UNAVAILABLE,,,
1768176054889,KALSHI-TEST-DEEP,1768176054889,0,KALSHI,KALSHI-TEST-DEEP,KALSHI,KALSHI,API,,False,SELF_REFERENTIAL,0,,,,,False,NO_DATA,0,,,,,,0.0,0.0,0.0,0,KALSHI_PREDICTION,UNKNOWN,,VENUE,STUB,NO_TRADE,NO_DATA,,[],0.0,0.0,0.0,0,False,,0.0,SIGNAL_UNAVAILABLE,,0.0,SIGNAL_UNAVAILABLE,,,
1768176115390,KALSHI-TEST-DEEP,1768176115390,0,KALSHI,KALSHI-TEST-DEEP,KALSHI,KALSHI,API,,False,SELF_REFERENTIAL,0,,,,,False,NO_DATA,0,,,,,,0.0,0.0,0.0,0,KALSHI_PREDICTION,UNKNOWN,,VENUE,STUB,NO_TRADE,NO_DATA,,[],0.0,0.0,0.0,0,False,,0.0,SIGNAL_UNAVAILABLE,,0.0,SIGNAL_UNAVAILABLE,,,
1768176175879,KALSHI-TEST-DEEP,1768176175879,0,KALSHI,KALSHI-TEST-DEEP,KALSHI,KALSHI,API,,False,SELF_REFERENTIAL,0,,,,,False,NO_DATA,0,,,,,,0.0,0.0,0.0,0,KALSHI_PREDICTION,UNKNOWN,,VENUE,STUB,NO_TRADE,NO_DATA,,[],0.0,0.0,0.0,0,False,,0.0,SIGNAL_UNAVAILABLE,,0.0,SIGNAL_UNAVAILABLE,,,
1768176236379,KALSHI-TEST-DEEP,1768176236379,0,KALSHI,KALSHI-TEST-DEEP,KALSHI,KALSHI,API,,False,SELF_REFERENTIAL,0,,,,,False,NO_DATA,0,,,,,,0.0,0.0,0.0,0,KALSHI_PREDICTION,UNKNOWN,,VENUE,STUB,NO_TRADE,NO_DATA,,[],0.0,0.0,0.0,0,False,,0.0,SIGNAL_UNAVAILABLE,,0.0,SIGNAL_UNAVAILABLE,,,
1768176296884,KALSHI-TEST-DEEP,1768176296884,0,KALSHI,KALSHI-TEST-DEEP,KALSHI,KALSHI,API,,False,SELF_REFERENTIAL,0,,,,,False,NO_DATA,0,,,,,,0.0,0.0,0.0,0,KALSHI_PREDICTION,UNKNOWN,,VENUE,STUB,NO_TRADE,NO_DATA,,[],0.0,0.0,0.0,0,False,,0.0,SIGNAL_UNAVAILABLE,,0.0,SIGNAL_UNAVAILABLE,,,
1768176357087,KALSHI-TEST-DEEP,1768176357087,0,KALSHI,KALSHI-TEST-DEEP,KALSHI,KALSHI,API,,False,SELF_REFERENTIAL,0,,,,,False,NO_DATA,0,,,,,,0.0,0.0,0.0,0,KALSHI_PREDICTION,UNKNOWN,,VENUE,STUB,NO_TRADE,NO_DATA,,[],0.0,0.0,0.0,0,False,,0.0,SIGNAL_UNAVAILABLE,,0.0,SIGNAL_UNAVAILABLE,,,
1768176417364,KALSHI-TEST-DEEP,1768176417364,0,KALSHI,KALSHI-TEST-DEEP,KALSHI,KALSHI,API,,False,SELF_REFERENTIAL,0,,,,,False,NO_DATA,0,,,,,,0.0,0.0,0.0,0,KALSHI_PREDICTION,UNKNOWN,,VENUE,STUB,NO_TRADE,NO_DATA,,[],0.0,0.0,0.0,0,False,,0.0,SIGNAL_UNAVAILABLE,,0.0,SIGNAL_UNAVAILABLE,,,
1768176478378,KALSHI-TEST-DEEP,1768176478378,0,KALSHI,KALSHI-TEST-DEEP,KALSHI,KALSHI,API,,False,SELF_REFERENTIAL,0,,,,,False,NO_DATA,0,,,,,,0.0,0.0,0.0,0,KALSHI_PREDICTION,UNKNOWN,,VENUE,STUB,NO_TRADE,NO_DATA,,[],0.0,0.0,0.0,0,False,,0.0,SIGNAL_UNAVAILABLE,,0.0,SIGNAL_UNAVAILABLE,,,
1768176538891,KALSHI-TEST-DEEP,1768176538891,0,KALSHI,KALSHI-TEST-DEEP,KALSHI,KALSHI,API,,False,SELF_REFERENTIAL,0,,,,,False,NO_DATA,0,,,,,,0.0,0.0,0.0,0,KALSHI_PREDICTION,UNKNOWN,,VENUE,STUB,NO_TRADE,NO_DATA,,[],0.0,0.0,0.0,0,False,,0.0,SIGNAL_UNAVAILABLE,,0.0,SIGNAL_UNAVAILABLE,,,
1768176599378,KALSHI-TEST-DEEP,1768176599378,0,KALSHI,KALSHI-TEST-DEEP,KALSHI,KALSHI,API,,False,SELF_REFERENTIAL,0,,,,,False,NO_DATA,0,,,,,,0.0,0.0,0.0,0,KALSHI_PREDICTION,UNKNOWN,,VENUE,STUB,NO_TRADE,NO_DATA,,[],0.0,0.0,0.0,0,False,,0.0,SIGNAL_UNAVAILABLE,,0.0,SIGNAL_UNAVAILABLE,,,
1768176659882,KALSHI-TEST-DEEP,1768176659882,0,KALSHI,KALSHI-TEST-DEEP,KALSHI,KALSHI,API,,False,SELF_REFERENTIAL,0,,,,,False,NO_DATA,0,,,,,,0.0,0.0,0.0,0,KALSHI_PREDICTION,UNKNOWN,,VENUE,STUB,NO_TRADE,NO_DATA,,[],0.0,0.0,0.0,0,False,,0.0,SIGNAL_UNAVAILABLE,,0.0,SIGNAL_UNAVAILABLE,,,
1768176720375,KALSHI-TEST-DEEP,1768176720375,0,KALSHI,KALSHI-TEST-DEEP,KALSHI,KALSHI,API,,False,SELF_REFERENTIAL,0,,,,,False,NO_DATA,0,,,,,,0.0,0.0,0.0,0,KALSHI_PREDICTION,UNKNOWN,,VENUE,STUB,NO_TRADE,NO_DATA,,[],0.0,0.0,0.0,0,False,,0.0,SIGNAL_UNAVAILABLE,,0.0,SIGNAL_UNAVAILABLE,,,
1768176780890,KALSHI-TEST-DEEP,1768176780890,0,KALSHI,KALSHI-TEST-DEEP,KALSHI,KALSHI,API,,False,SELF_REFERENTIAL,0,,,,,False,NO_DATA,0,,,,,,0.0,0.0,0.0,0,KALSHI_PREDICTION,UNKNOWN,,VENUE,STUB,NO_TRADE,NO_DATA,,[],0.0,0.0,0.0,0,False,,0.0,SIGNAL_UNAVAILABLE,,0.0,SIGNAL_UNAVAILABLE,,,
1768176841382,KALSHI-TEST-DEEP,1768176841382,0,KALSHI,KALSHI-TEST-DEEP,KALSHI,KALSHI,API,,False,SELF_REFERENTIAL,0,,,,,False,NO_DATA,0,,,,,,0.0,0.0,0.0,0,KALSHI_PREDICTION,UNKNOWN,,VENUE,STUB,NO_TRADE,NO_DATA,,[],0.0,0.0,0.0,0,False,,0.0,SIGNAL_UNAVAILABLE,,0.0,SIGNAL_UNAVAILABLE,,,
1768176901891,KALSHI-TEST-DEEP,1768176901891,0,KALSHI,KALSHI-TEST-DEEP,KALSHI,KALSHI,API,,False,SELF_REFERENTIAL,0,,,,,False,NO_DATA,0,,,,,,0.0,0.0,0.0,0,KALSHI_PREDICTION,UNKNOWN,,VENUE,STUB,NO_TRADE,NO_DATA,,[],0.0,0.0,0.0,0,False,,0.0,SIGNAL_UNAVAILABLE,,0.0,SIGNAL_UNAVAILABLE,,,
1768176962383,KALSHI-TEST-DEEP,1768176962383,0,KALSHI,KALSHI-TEST-DEEP,KALSHI,KALSHI,API,,False,SELF_REFERENTIAL,0,,,,,False,NO_DATA,0,,,,,,0.0,0.0,0.0,0,KALSHI_PREDICTION,UNKNOWN,,VENUE,STUB,NO_TRADE,NO_DATA,,[],0.0,0.0,0.0,0,False,,0.0,SIGNAL_UNAVAILABLE,,0.0,SIGNAL_UNAVAILABLE,,,
1768177022894,KALSHI-TEST-DEEP,1768177022894,0,KALSHI,KALSHI-TEST-DEEP,KALSHI,KALSHI,API,,False,SELF_REFERENTIAL,0,,,,,False,NO_DATA,0,,,,,,0.0,0.0,0.0,0,KALSHI_PREDICTION,UNKNOWN,,VENUE,STUB,NO_TRADE,NO_DATA,,[],0.0,0.0,0.0,0,False,,0.0,SIGNAL_UNAVAILABLE,,0.0,SIGNAL_UNAVAILABLE,,,
1768177083382,KALSHI-TEST-DEEP,1768177083382,0,KALSHI,KALSHI-TEST-DEEP,KALSHI,KALSHI,API,,False,SELF_REFERENTIAL,0,,,,,False,NO_DATA,0,,,,,,0.0,0.0,0.0,0,KALSHI_PREDICTION,UNKNOWN,,VENUE,STUB,NO_TRADE,NO_DATA,,[],0.0,0.0,0.0,0,False,,0.0,SIGNAL_UNAVAILABLE,,0.0,SIGNAL_UNAVAILABLE,,,
1768177143879,KALSHI-TEST-DEEP,1768177143879,0,KALSHI,KALSHI-TEST-DEEP,KALSHI,KALSHI,API,,False,SELF_REFERENTIAL,0,,,,,False,NO_DATA,0,,,,,,0.0,0.0,0.0,0,KALSHI_PREDICTION,UNKNOWN,,VENUE,STUB,NO_TRADE,NO_DATA,,[],0.0,0.0,0.0,0,False,,0.0,SIGNAL_UNAVAILABLE,,0.0,SIGNAL_UNAVAILABLE,,,
1768177204387,KALSHI-TEST-DEEP,1768177204387,0,KALSHI,KALSHI-TEST-DEEP,KALSHI,KALSHI,API,,False,SELF_REFERENTIAL,0,,,,,False,NO_DATA,0,,,,,,0.0,0.0,0.0,0,KALSHI_PREDICTION,UNKNOWN,,VENUE,STUB,NO_TRADE,NO_DATA,,[],0.0,0.0,0.0,0,False,,0.0,SIGNAL_UNAVAILABLE,,0.0,SIGNAL_UNAVAILABLE,,,
1768177264905,KALSHI-TEST-DEEP,1768177264905,0,KALSHI,KALSHI-TEST-DEEP,KALSHI,KALSHI,API,,False,SELF_REFERENTIAL,0,,,,,False,NO_DATA,0,,,,,,0.0,0.0,0.0,0,KALSHI_PREDICTION,UNKNOWN,,VENUE,STUB,NO_TRADE,NO_DATA,,[],0.0,0.0,0.0,0,False,,0.0,SIGNAL_UNAVAILABLE,,0.0,SIGNAL_UNAVAILABLE,,,
1768177325382,KALSHI-TEST-DEEP,1768177325382,0,KALSHI,KALSHI-TEST-DEEP,KALSHI,KALSHI,API,,False,SELF_REFERENTIAL,0,,,,,False,NO_DATA,0,,,,,,0.0,0.0,0.0,0,KALSHI_PREDICTION,UNKNOWN,,VENUE,STUB,NO_TRADE,NO_DATA,,[],0.0,0.0,0.0,0,False,,0.0,SIGNAL_UNAVAILABLE,,0.0,SIGNAL_UNAVAILABLE,,,
1768177385888,KALSHI-TEST-DEEP,1768177385888,0,KALSHI,KALSHI-TEST-DEEP,KALSHI,KALSHI,API,,False,SELF_REFERENTIAL,0,,,,,False,NO_DATA,0,,,,,,0.0,0.0,0.0,0,KALSHI_PREDICTION,UNKNOWN,,VENUE,STUB,NO_TRADE,NO_DATA,,[],0.0,0.0,0.0,0,False,,0.0,SIGNAL_UNAVAILABLE,,0.0,SIGNAL_UNAVAILABLE,,,
1768177446415,KALSHI-TEST-DEEP,1768177446415,0,KALSHI,KALSHI-TEST-DEEP,KALSHI,KALSHI,API,,False,SELF_REFERENTIAL,0,,,,,False,NO_DATA,0,,,,,,0.0,0.0,0.0,0,KALSHI_PREDICTION,UNKNOWN,,VENUE,STUB,NO_TRADE,NO_DATA,,[],0.0,0.0,0.0,0,False,,0.0,SIGNAL_UNAVAILABLE,,0.0,SIGNAL_UNAVAILABLE,,,
1768177506879,KALSHI-TEST-DEEP,1768177506879,0,KALSHI,KALSHI-TEST-DEEP,KALSHI,KALSHI,API,,False,SELF_REFERENTIAL,0,,,,,False,NO_DATA,0,,,,,,0.0,0.0,0.0,0,KALSHI_PREDICTION,UNKNOWN,,VENUE,STUB,NO_TRADE,NO_DATA,,[],0.0,0.0,0.0,0,False,,0.0,SIGNAL_UNAVAILABLE,,0.0,SIGNAL_UNAVAILABLE,,,
1768177567393,KALSHI-TEST-DEEP,1768177567393,0,KALSHI,KALSHI-TEST-DEEP,KALSHI,KALSHI,API,,False,SELF_REFERENTIAL,0,,,,,False,NO_DATA,0,,,,,,0.0,0.0,0.0,0,KALSHI_PREDICTION,UNKNOWN,,VENUE,STUB,NO_TRADE,NO_DATA,,[],0.0,0.0,0.0,0,False,,0.0,SIGNAL_UNAVAILABLE,,0.0,SIGNAL_UNAVAILABLE,,,
1768177627886,KALSHI-TEST-DEEP,1768177627886,0,KALSHI,KALSHI-TEST-DEEP,KALSHI,KALSHI,API,,False,SELF_REFERENTIAL,0,,,,,False,NO_DATA,0,,,,,,0.0,0.0,0.0,0,KALSHI_PREDICTION,UNKNOWN,,VENUE,STUB,NO_TRADE,NO_DATA,,[],0.0,0.0,0.0,0,False,,0.0,SIGNAL_UNAVAILABLE,,0.0,SIGNAL_UNAVAILABLE,,,
1768177688379,KALSHI-TEST-DEEP,1768177688379,0,KALSHI,KALSHI-TEST-DEEP,KALSHI,KALSHI,API,,False,SELF_REFERENTIAL,0,,,,,False,NO_DATA,0,,,,,,0.0,0.0,0.0,0,KALSHI_PREDICTION,UNKNOWN,,VENUE,STUB,NO_TRADE,NO_DATA,,[],0.0,0.0,0.0,0,False,,0.0,SIGNAL_UNAVAILABLE,,0.0,SIGNAL_UNAVAILABLE,,,
1768177748880,KALSHI-TEST-DEEP,1768177748880,0,KALSHI,KALSHI-TEST-DEEP,KALSHI,KALSHI,API,,False,SELF_REFERENTIAL,0,,,,,False,NO_DATA,0,,,,,,0.0,0.0,0.0,0,KALSHI_PREDICTION,UNKNOWN,,VENUE,STUB,NO_TRADE,NO_DATA,,[],0.0,0.0,0.0,0,False,,0.0,SIGNAL_UNAVAILABLE,,0.0,SIGNAL_UNAVAILABLE,,,
1768177809379,KALSHI-TEST-DEEP,1768177809379,0,KALSHI,KALSHI-TEST-DEEP,KALSHI,KALSHI,API,,False,SELF_REFERENTIAL,0,,,,,False,NO_DATA,0,,,,,,0.0,0.0,0.0,0,KALSHI_PREDICTION,UNKNOWN,,VENUE,STUB,NO_TRADE,NO_DATA,,[],0.0,0.0,0.0,0,False,,0.0,SIGNAL_UNAVAILABLE,,0.0,SIGNAL_UNAVAILABLE,,,
1768177869885,KALSHI-TEST-DEEP,1768177869885,0,KALSHI,KALSHI-TEST-DEEP,KALSHI,KALSHI,API,,False,SELF_REFERENTIAL,0,,,,,False,NO_DATA,0,,,,,,0.0,0.0,0.0,0,KALSHI_PREDICTION,UNKNOWN,,VENUE,STUB,NO_TRADE,NO_DATA,,[],0.0,0.0,0.0,0,False,,0.0,SIGNAL_UNAVAILABLE,,0.0,SIGNAL_UNAVAILABLE,,,
1768177930388,KALSHI-TEST-DEEP,1768177930388,0,KALSHI,KALSHI-TEST-DEEP,KALSHI,KALSHI,API,,False,SELF_REFERENTIAL,0,,,,,False,NO_DATA,0,,,,,,0.0,0.0,0.0,0,KALSHI_PREDICTION,UNKNOWN,,VENUE,STUB,NO_TRADE,NO_DATA,,[],0.0,0.0,0.0,0,False,,0.0,SIGNAL_UNAVAILABLE,,0.0,SIGNAL_UNAVAILABLE,,,
1768177990895,KALSHI-TEST-DEEP,1768177990895,0,KALSHI,KALSHI-TEST-DEEP,KALSHI,KALSHI,API,,False,SELF_REFERENTIAL,0,,,,,False,NO_DATA,0,,,,,,0.0,0.0,0.0,0,KALSHI_PREDICTION,UNKNOWN,,VENUE,STUB,NO_TRADE,NO_DATA,,[],0.0,0.0,0.0,0,False,,0.0,SIGNAL_UNAVAILABLE,,0.0,SIGNAL_UNAVAILABLE,,,
1768178051380,KALSHI-TEST-DEEP,1768178051380,0,KALSHI,KALSHI-TEST-DEEP,KALSHI,KALSHI,API,,False,SELF_REFERENTIAL,0,,,,,False,NO_DATA,0,,,,,,0.0,0.0,0.0,0,KALSHI_PREDICTION,UNKNOWN,,VENUE,STUB,NO_TRADE,NO_DATA,,[],0.0,0.0,0.0,0,False,,0.0,SIGNAL_UNAVAILABLE,,0.0,SIGNAL_UNAVAILABLE,,,
1768178111896,KALSHI-TEST-DEEP,1768178111896,0,KALSHI,KALSHI-TEST-DEEP,KALSHI,KALSHI,API,,False,SELF_REFERENTIAL,0,,,,,False,NO_DATA,0,,,,,,0.0,0.0,0.0,0,KALSHI_PREDICTION,UNKNOWN,,VENUE,STUB,NO_TRADE,NO_DATA,,[],0.0,0.0,0.0,0,False,,0.0,SIGNAL_UNAVAILABLE,,0.0,SIGNAL_UNAVAILABLE,,,
1768178172391,KALSHI-TEST-DEEP,1768178172391,0,KALSHI,KALSHI-TEST-DEEP,KALSHI,KALSHI,API,,False,SELF_REFERENTIAL,0,,,,,False,NO_DATA,0,,,,,,0.0,0.0,0.0,0,KALSHI_PREDICTION,UNKNOWN,,VENUE,STUB,NO_TRADE,NO_DATA,,[],0.0,0.0,0.0,0,False,,0.0,SIGNAL_UNAVAILABLE,,0.0,SIGNAL_UNAVAILABLE,,,
1768178232884,KALSHI-TEST-DEEP,1768178232884,0,KALSHI,KALSHI-TEST-DEEP,KALSHI,KALSHI,API,,False,SELF_REFERENTIAL,0,,,,,False,NO_DATA,0,,,,,,0.0,0.0,0.0,0,KALSHI_PREDICTION,UNKNOWN,,VENUE,STUB,NO_TRADE,NO_DATA,,[],0.0,0.0,0.0,0,False,,0.0,SIGNAL_UNAVAILABLE,,0.0,SIGNAL_UNAVAILABLE,,,
1768178293387,KALSHI-TEST-DEEP,1768178293387,0,KALSHI,KALSHI-TEST-DEEP,KALSHI,KALSHI,API,,False,SELF_REFERENTIAL,0,,,,,False,NO_DATA,0,,,,,,0.0,0.0,0.0,0,KALSHI_PREDICTION,UNKNOWN,,VENUE,STUB,NO_TRADE,NO_DATA,,[],0.0,0.0,0.0,0,False,,0.0,SIGNAL_UNAVAILABLE,,0.0,SIGNAL_UNAVAILABLE,,,
1768178353900,KALSHI-TEST-DEEP,1768178353900,0,KALSHI,KALSHI-TEST-DEEP,KALSHI,KALSHI,API,,False,SELF_REFERENTIAL,0,,,,,False,NO_DATA,0,,,,,,0.0,0.0,0.0,0,KALSHI_PREDICTION,UNKNOWN,,VENUE,STUB,NO_TRADE,NO_DATA,,[],0.0,0.0,0.0,0,False,,0.0,SIGNAL_UNAVAILABLE,,0.0,SIGNAL_UNAVAILABLE,,,
1768178414392,KALSHI-TEST-DEEP,1768178414392,0,KALSHI,KALSHI-TEST-DEEP,KALSHI,KALSHI,API,,False,SELF_REFERENTIAL,0,,,,,False,NO_DATA,0,,,,,,0.0,0.0,0.0,0,KALSHI_PREDICTION,UNKNOWN,,VENUE,STUB,NO_TRADE,NO_DATA,,[],0.0,0.0,0.0,0,False,,0.0,SIGNAL_UNAVAILABLE,,0.0,SIGNAL_UNAVAILABLE,,,
1768178474885,KALSHI-TEST-DEEP,1768178474885,0,KALSHI,KALSHI-TEST-DEEP,KALSHI,KALSHI,API,,False,SELF_REFERENTIAL,0,,,,,False,NO_DATA,0,,,,,,0.0,0.0,0.0,0,KALSHI_PREDICTION,UNKNOWN,,VENUE,STUB,NO_TRADE,NO_DATA,,[],0.0,0.0,0.0,0,False,,0.0,SIGNAL_UNAVAILABLE,,0.0,SIGNAL_UNAVAILABLE,,,
1768178535387,KALSHI-TEST-DEEP,1768178535387,0,KALSHI,KALSHI-TEST-DEEP,KALSHI,KALSHI,API,,False,SELF_REFERENTIAL,0,,,,,False,NO_DATA,0,,,,,,0.0,0.0,0.0,0,KALSHI_PREDICTION,UNKNOWN,,VENUE,STUB,NO_TRADE,NO_DATA,,[],0.0,0.0,0.0,0,False,,0.0,SIGNAL_UNAVAILABLE,,0.0,SIGNAL_UNAVAILABLE,,,
1768178595882,KALSHI-TEST-DEEP,1768178595882,0,KALSHI,KALSHI-TEST-DEEP,KALSHI,KALSHI,API,,False,SELF_REFERENTIAL,0,,,,,False,NO_DATA,0,,,,,,0.0,0.0,0.0,0,KALSHI_PREDICTION,UNKNOWN,,VENUE,STUB,NO_TRADE,NO_DATA,,[],0.0,0.0,0.0,0,False,,0.0,SIGNAL_UNAVAILABLE,,0.0,SIGNAL_UNAVAILABLE,,,
1768178656387,KALSHI-TEST-DEEP,1768178656387,0,KALSHI,KALSHI-TEST-DEEP,KALSHI,KALSHI,API,,False,SELF_REFERENTIAL,0,,,,,False,NO_DATA,0,,,,,,0.0,0.0,0.0,0,KALSHI_PREDICTION,UNKNOWN,,VENUE,STUB,NO_TRADE,NO_DATA,,[],0.0,0.0,0.0,0,False,,0.0,SIGNAL_UNAVAILABLE,,0.0,SIGNAL_UNAVAILABLE,,,
1768178716881,KALSHI-TEST-DEEP,1768178716881,0,KALSHI,KALSHI-TEST-DEEP,KALSHI,KALSHI,API,,False,SELF_REFERENTIAL,0,,,,,False,NO_DATA,0,,,,,,0.0,0.0,0.0,0,KALSHI_PREDICTION,UNKNOWN,,VENUE,STUB,NO_TRADE,NO_DATA,,[],0.0,0.0,0.0,0,False,,0.0,SIGNAL_UNAVAILABLE,,0.0,SIGNAL_UNAVAILABLE,,,
1768178777391,KALSHI-TEST-DEEP,1768178777391,0,KALSHI,KALSHI-TEST-DEEP,KALSHI,KALSHI,API,,False,SELF_REFERENTIAL,0,,,,,False,NO_DATA,0,,,,,,0.0,0.0,0.0,0,KALSHI_PREDICTION,UNKNOWN,,VENUE,STUB,NO_TRADE,NO_DATA,,[],0.0,0.0,0.0,0,False,,0.0,SIGNAL_UNAVAILABLE,,0.0,SIGNAL_UNAVAILABLE,,,
1768178837892,KALSHI-TEST-DEEP,1768178837892,0,KALSHI,KALSHI-TEST-DEEP,KALSHI,KALSHI,API,,False,SELF_REFERENTIAL,0,,,,,False,NO_DATA,0,,,,,,0.0,0.0,0.0,0,KALSHI_PREDICTION,UNKNOWN,,VENUE,STUB,NO_TRADE,NO_DATA,,[],0.0,0.0,0.0,0,False,,0.0,SIGNAL_UNAVAILABLE,,0.0,SIGNAL_UNAVAILABLE,,,
1768178898389,KALSHI-TEST-DEEP,1768178898389,0,KALSHI,KALSHI-TEST-DEEP,KALSHI,KALSHI,API,,False,SELF_REFERENTIAL,0,,,,,False,NO_DATA,0,,,,,,0.0,0.0,0.0,0,KALSHI_PREDICTION,UNKNOWN,,VENUE,STUB,NO_TRADE,NO_DATA,,[],0.0,0.0,0.0,0,False,,0.0,SIGNAL_UNAVAILABLE,,0.0,SIGNAL_UNAVAILABLE,,,
1768178958880,KALSHI-TEST-DEEP,1768178958880,0,KALSHI,KALSHI-TEST-DEEP,KALSHI,KALSHI,API,,False,SELF_REFERENTIAL,0,,,,,False,NO_DATA,0,,,,,,0.0,0.0,0.0,0,KALSHI_PREDICTION,UNKNOWN,,VENUE,STUB,NO_TRADE,NO_DATA,,[],0.0,0.0,0.0,0,False,,0.0,SIGNAL_UNAVAILABLE,,0.0,SIGNAL_UNAVAILABLE,,,
1768179019391,KALSHI-TEST-DEEP,1768179019391,0,KALSHI,KALSHI-TEST-DEEP,KALSHI,KALSHI,API,,False,SELF_REFERENTIAL,0,,,,,False,NO_DATA,0,,,,,,0.0,0.0,0.0,0,KALSHI_PREDICTION,UNKNOWN,,VENUE,STUB,NO_TRADE,NO_DATA,,[],0.0,0.0,0.0,0,False,,0.0,SIGNAL_UNAVAILABLE,,0.0,SIGNAL_UNAVAILABLE,,,
1768179079903,KALSHI-TEST-DEEP,1768179079903,0,KALSHI,KALSHI-TEST-DEEP,KALSHI,KALSHI,API,,False,SELF_REFERENTIAL,0,,,,,False,NO_DATA,0,,,,,,0.0,0.0,0.0,0,KALSHI_PREDICTION,UNKNOWN,,VENUE,STUB,NO_TRADE,NO_DATA,,[],0.0,0.0,0.0,0,False,,0.0,SIGNAL_UNAVAILABLE,,0.0,SIGNAL_UNAVAILABLE,,,
1768179140382,KALSHI-TEST-DEEP,1768179140382,0,KALSHI,KALSHI-TEST-DEEP,KALSHI,KALSHI,API,,False,SELF_REFERENTIAL,0,,,,,False,NO_DATA,0,,,,,,0.0,0.0,0.0,0,KALSHI_PREDICTION,UNKNOWN,,VENUE,STUB,NO_TRADE,NO_DATA,,[],0.0,0.0,0.0,0,False,,0.0,SIGNAL_UNAVAILABLE,,0.0,SIGNAL_UNAVAILABLE,,,
1768179200878,KALSHI-TEST-DEEP,1768179200878,0,KALSHI,KALSHI-TEST-DEEP,KALSHI,KALSHI,API,,False,SELF_REFERENTIAL,0,,,,,False,NO_DATA,0,,,,,,0.0,0.0,0.0,0,KALSHI_PREDICTION,UNKNOWN,,VENUE,STUB,NO_TRADE,NO_DATA,,[],0.0,0.0,0.0,0,False,,0.0,SIGNAL_UNAVAILABLE,,0.0,SIGNAL_UNAVAILABLE,,,
1768179261381,KALSHI-TEST-DEEP,1768179261381,0,KALSHI,KALSHI-TEST-DEEP,KALSHI,KALSHI,API,,False,SELF_REFERENTIAL,0,,,,,False,NO_DATA,0,,,,,,0.0,0.0,0.0,0,KALSHI_PREDICTION,UNKNOWN,,VENUE,STUB,NO_TRADE,NO_DATA,,[],0.0,0.0,0.0,0,False,,0.0,SIGNAL_UNAVAILABLE,,0.0,SIGNAL_UNAVAILABLE,,,
1768179321889,KALSHI-TEST-DEEP,1768179321889,0,KALSHI,KALSHI-TEST-DEEP,KALSHI,KALSHI,API,,False,SELF_REFERENTIAL,0,,,,,False,NO_DATA,0,,,,,,0.0,0.0,0.0,0,KALSHI_PREDICTION,UNKNOWN,,VENUE,STUB,NO_TRADE,NO_DATA,,[],0.0,0.0,0.0,0,False,,0.0,SIGNAL_UNAVAILABLE,,0.0,SIGNAL_UNAVAILABLE,,,
1768179382383,KALSHI-TEST-DEEP,1768179382383,0,KALSHI,KALSHI-TEST-DEEP,KALSHI,KALSHI,API,,False,SELF_REFERENTIAL,0,,,,,False,NO_DATA,0,,,,,,0.0,0.0,0.0,0,KALSHI_PREDICTION,UNKNOWN,,VENUE,STUB,NO_TRADE,NO_DATA,,[],0.0,0.0,0.0,0,False,,0.0,SIGNAL_UNAVAILABLE,,0.0,SIGNAL_UNAVAILABLE,,,
1768179442884,KALSHI-TEST-DEEP,1768179442884,0,KALSHI,KALSHI-TEST-DEEP,KALSHI,KALSHI,API,,False,SELF_REFERENTIAL,0,,,,,False,NO_DATA,0,,,,,,0.0,0.0,0.0,0,KALSHI_PREDICTION,UNKNOWN,,VENUE,STUB,NO_TRADE,NO_DATA,,[],0.0,0.0,0.0,0,False,,0.0,SIGNAL_UNAVAILABLE,,0.0,SIGNAL_UNAVAILABLE,,,
1768179503397,KALSHI-TEST-DEEP,1768179503397,0,KALSHI,KALSHI-TEST-DEEP,KALSHI,KALSHI,API,,False,SELF_REFERENTIAL,0,,,,,False,NO_DATA,0,,,,,,0.0,0.0,0.0,0,KALSHI_PREDICTION,UNKNOWN,,VENUE,STUB,NO_TRADE,NO_DATA,,[],0.0,0.0,0.0,0,False,,0.0,SIGNAL_UNAVAILABLE,,0.0,SIGNAL_UNAVAILABLE,,,
1768179563889,KALSHI-TEST-DEEP,1768179563889,0,KALSHI,KALSHI-TEST-DEEP,KALSHI,KALSHI,API,,False,SELF_REFERENTIAL,0,,,,,False,NO_DATA,0,,,,,,0.0,0.0,0.0,0,KALSHI_PREDICTION,UNKNOWN,,VENUE,STUB,NO_TRADE,NO_DATA,,[],0.0,0.0,0.0,0,False,,0.0,SIGNAL_UNAVAILABLE,,0.0,SIGNAL_UNAVAILABLE,,,
1768179624394,KALSHI-TEST-DEEP,1768179624394,0,KALSHI,KALSHI-TEST-DEEP,KALSHI,KALSHI,API,,False,SELF_REFERENTIAL,0,,,,,False,NO_DATA,0,,,,,,0.0,0.0,0.0,0,KALSHI_PREDICTION,UNKNOWN,,VENUE,STUB,NO_TRADE,NO_DATA,,[],0.0,0.0,0.0,0,False,,0.0,SIGNAL_UNAVAILABLE,,0.0,SIGNAL_UNAVAILABLE,,,
1768179684398,KALSHI-TEST-DEEP,1768179684398,0,KALSHI,KALSHI-TEST-DEEP,KALSHI,KALSHI,API,,False,SELF_REFERENTIAL,0,,,,,False,NO_DATA,0,,,,,,0.0,0.0,0.0,0,KALSHI_PREDICTION,UNKNOWN,,VENUE,STUB,NO_TRADE,NO_DATA,,[],0.0,0.0,0.0,0,False,,0.0,SIGNAL_UNAVAILABLE,,0.0,SIGNAL_UNAVAILABLE,,,
1768179745385,KALSHI-TEST-DEEP,1768179745385,0,KALSHI,KALSHI-TEST-DEEP,KALSHI,KALSHI,API,,False,SELF_REFERENTIAL,0,,,,,False,NO_DATA,0,,,,,,0.0,0.0,0.0,0,KALSHI_PREDICTION,UNKNOWN,,VENUE,STUB,NO_TRADE,NO_DATA,,[],0.0,0.0,0.0,0,False,,0.0,SIGNAL_UNAVAILABLE,,0.0,SIGNAL_UNAVAILABLE,,,
1768179805899,KALSHI-TEST-DEEP,1768179805899,0,KALSHI,KALSHI-TEST-DEEP,KALSHI,KALSHI,API,,False,SELF_REFERENTIAL,0,,,,,False,NO_DATA,0,,,,,,0.0,0.0,0.0,0,KALSHI_PREDICTION,UNKNOWN,,VENUE,STUB,NO_TRADE,NO_DATA,,[],0.0,0.0,0.0,0,False,,0.0,SIGNAL_UNAVAILABLE,,0.0,SIGNAL_UNAVAILABLE,,,
1768179866384,KALSHI-TEST-DEEP,1768179866384,0,KALSHI,KALSHI-TEST-DEEP,KALSHI,KALSHI,API,,False,SELF_REFERENTIAL,0,,,,,False,NO_DATA,0,,,,,,0.0,0.0,0.0,0,KALSHI_PREDICTION,UNKNOWN,,VENUE,STUB,NO_TRADE,NO_DATA,,[],0.0,0.0,0.0,0,False,,0.0,SIGNAL_UNAVAILABLE,,0.0,SIGNAL_UNAVAILABLE,,,
1768179926887,KALSHI-TEST-DEEP,1768179926887,0,KALSHI,KALSHI-TEST-DEEP,KALSHI,KALSHI,API,,False,SELF_REFERENTIAL,0,,,,,False,NO_DATA,0,,,,,,0.0,0.0,0.0,0,KALSHI_PREDICTION,UNKNOWN,,VENUE,STUB,NO_TRADE,NO_DATA,,[],0.0,0.0,0.0,0,False,,0.0,SIGNAL_UNAVAILABLE,,0.0,SIGNAL_UNAVAILABLE,,,
1768179987388,KALSHI-TEST-DEEP,1768179987388,0,KALSHI,KALSHI-TEST-DEEP,KALSHI,KALSHI,API,,False,SELF_REFERENTIAL,0,,,,,False,NO_DATA,0,,,,,,0.0,0.0,0.0,0,KALSHI_PREDICTION,UNKNOWN,,VENUE,STUB,NO_TRADE,NO_DATA,,[],0.0,0.0,0.0,0,False,,0.0,SIGNAL_UNAVAILABLE,,0.0,SIGNAL_UNAVAILABLE,,,
1768180047887,KALSHI-TEST-DEEP,1768180047887,0,KALSHI,KALSHI-TEST-DEEP,KALSHI,KALSHI,API,,False,SELF_REFERENTIAL,0,,,,,False,NO_DATA,0,,,,,,0.0,0.0,0.0,0,KALSHI_PREDICTION,UNKNOWN,,VENUE,STUB,NO_TRADE,NO_DATA,,[],0.0,0.0,0.0,0,False,,0.0,SIGNAL_UNAVAILABLE,,0.0,SIGNAL_UNAVAILABLE,,,
1768180108390,KALSHI-TEST-DEEP,1768180108390,0,KALSHI,KALSHI-TEST-DEEP,KALSHI,KALSHI,API,,False,SELF_REFERENTIAL,0,,,,,False,NO_DATA,0,,,,,,0.0,0.0,0.0,0,KALSHI_PREDICTION,UNKNOWN,,VENUE,STUB,NO_TRADE,NO_DATA,,[],0.0,0.0,0.0,0,False,,0.0,SIGNAL_UNAVAILABLE,,0.0,SIGNAL_UNAVAILABLE,,,
1768180168889,KALSHI-TEST-DEEP,1768180168889,0,KALSHI,KALSHI-TEST-DEEP,KALSHI,KALSHI,API,,False,SELF_REFERENTIAL,0,,,,,False,NO_DATA,0,,,,,,0.0,0.0,0.0,0,KALSHI_PREDICTION,UNKNOWN,,VENUE,STUB,NO_TRADE,NO_DATA,,[],0.0,0.0,0.0,0,False,,0.0,SIGNAL_UNAVAILABLE,,0.0,SIGNAL_UNAVAILABLE,,,
1768180229393,KALSHI-TEST-DEEP,1768180229393,0,KALSHI,KALSHI-TEST-DEEP,KALSHI,KALSHI,API,,False,SELF_REFERENTIAL,0,,,,,False,NO_DATA,0,,,,,,0.0,0.0,0.0,0,KALSHI_PREDICTION,UNKNOWN,,VENUE,STUB,NO_TRADE,NO_DATA,,[],0.0,0.0,0.0,0,False,,0.0,SIGNAL_UNAVAILABLE,,0.0,SIGNAL_UNAVAILABLE,,,
1768180289876,KALSHI-TEST-DEEP,1768180289876,0,KALSHI,KALSHI-TEST-DEEP,KALSHI,KALSHI,API,,False,SELF_REFERENTIAL,0,,,,,False,NO_DATA,0,,,,,,0.0,0.0,0.0,0,KALSHI_PREDICTION,UNKNOWN,,VENUE,STUB,NO_TRADE,NO_DATA,,[],0.0,0.0,0.0,0,False,,0.0,SIGNAL_UNAVAILABLE,,0.0,SIGNAL_UNAVAILABLE,,,
1768180350381,KALSHI-TEST-DEEP,1768180350381,0,KALSHI,KALSHI-TEST-DEEP,KALSHI,KALSHI,API,,False,SELF_REFERENTIAL,0,,,,,False,NO_DATA,0,,,,,,0.0,0.0,0.0,0,KALSHI_PREDICTION,UNKNOWN,,VENUE,STUB,NO_TRADE,NO_DATA,,[],0.0,0.0,0.0,0,False,,0.0,SIGNAL_UNAVAILABLE,,0.0,SIGNAL_UNAVAILABLE,,,
1768180410888,KALSHI-TEST-DEEP,1768180410888,0,KALSHI,KALSHI-TEST-DEEP,KALSHI,KALSHI,API,,False,SELF_REFERENTIAL,0,,,,,False,NO_DATA,0,,,,,,0.0,0.0,0.0,0,KALSHI_PREDICTION,UNKNOWN,,VENUE,STUB,NO_TRADE,NO_DATA,,[],0.0,0.0,0.0,0,False,,0.0,SIGNAL_UNAVAILABLE,,0.0,SIGNAL_UNAVAILABLE,,,
1768180471387,KALSHI-TEST-DEEP,1768180471387,0,KALSHI,KALSHI-TEST-DEEP,KALSHI,KALSHI,API,,False,SELF_REFERENTIAL,0,,,,,False,NO_DATA,0,,,,,,0.0,0.0,0.0,0,KALSHI_PREDICTION,UNKNOWN,,VENUE,STUB,NO_TRADE,NO_DATA,,[],0.0,0.0,0.0,0,False,,0.0,SIGNAL_UNAVAILABLE,,0.0,SIGNAL_UNAVAILABLE,,,
1768180531900,KALSHI-TEST-DEEP,1768180531900,0,KALSHI,KALSHI-TEST-DEEP,KALSHI,KALSHI,API,,False,SELF_REFERENTIAL,0,,,,,False,NO_DATA,0,,,,,,0.0,0.0,0.0,0,KALSHI_PREDICTION,UNKNOWN,,VENUE,STUB,NO_TRADE,NO_DATA,,[],0.0,0.0,0.0,0,False,,0.0,SIGNAL_UNAVAILABLE,,0.0,SIGNAL_UNAVAILABLE,,,
1768180592384,KALSHI-TEST-DEEP,1768180592384,0,KALSHI,KALSHI-TEST-DEEP,KALSHI,KALSHI,API,,False,SELF_REFERENTIAL,0,,,,,False,NO_DATA,0,,,,,,0.0,0.0,0.0,0,KALSHI_PREDICTION,UNKNOWN,,VENUE,STUB,NO_TRADE,NO_DATA,,[],0.0,0.0,0.0,0,False,,0.0,SIGNAL_UNAVAILABLE,,0.0,SIGNAL_UNAVAILABLE,,,
1768180652881,KALSHI-TEST-DEEP,1768180652881,0,KALSHI,KALSHI-TEST-DEEP,KALSHI,KALSHI,API,,False,SELF_REFERENTIAL,0,,,,,False,NO_DATA,0,,,,,,0.0,0.0,0.0,0,KALSHI_PREDICTION,UNKNOWN,,VENUE,STUB,NO_TRADE,NO_DATA,,[],0.0,0.0,0.0,0,False,,0.0,SIGNAL_UNAVAILABLE,,0.0,SIGNAL_UNAVAILABLE,,,
1768180713381,KALSHI-TEST-DEEP,1768180713381,0,KALSHI,KALSHI-TEST-DEEP,KALSHI,KALSHI,API,,False,SELF_REFERENTIAL,0,,,,,False,NO_DATA,0,,,,,,0.0,0.0,0.0,0,KALSHI_PREDICTION,UNKNOWN,,VENUE,STUB,NO_TRADE,NO_DATA,,[],0.0,0.0,0.0,0,False,,0.0,SIGNAL_UNAVAILABLE,,0.0,SIGNAL_UNAVAILABLE,,,
1768180773892,KALSHI-TEST-DEEP,1768180773892,0,KALSHI,KALSHI-TEST-DEEP,KALSHI,KALSHI,API,,False,SELF_REFERENTIAL,0,,,,,False,NO_DATA,0,,,,,,0.0,0.0,0.0,0,KALSHI_PREDICTION,UNKNOWN,,VENUE,STUB,NO_TRADE,NO_DATA,,[],0.0,0.0,0.0,0,False,,0.0,SIGNAL_UNAVAILABLE,,0.0,SIGNAL_UNAVAILABLE,,,
1768180834382,KALSHI-TEST-DEEP,1768180834382,0,KALSHI,KALSHI-TEST-DEEP,KALSHI,KALSHI,API,,False,SELF_REFERENTIAL,0,,,,,False,NO_DATA,0,,,,,,0.0,0.0,0.0,0,KALSHI_PREDICTION,UNKNOWN,,VENUE,STUB,NO_TRADE,NO_DATA,,[],0.0,0.0,0.0,0,False,,0.0,SIGNAL_UNAVAILABLE,,0.0,SIGNAL_UNAVAILABLE,,,
1768180894895,KALSHI-TEST-DEEP,1768180894895,0,KALSHI,KALSHI-TEST-DEEP,KALSHI,KALSHI,API,,False,SELF_REFERENTIAL,0,,,,,False,NO_DATA,0,,,,,,0.0,0.0,0.0,0,KALSHI_PREDICTION,UNKNOWN,,VENUE,STUB,NO_TRADE,NO_DATA,,[],0.0,0.0,0.0,0,False,,0.0,SIGNAL_UNAVAILABLE,,0.0,SIGNAL_UNAVAILABLE,,,
1768180955378,KALSHI-TEST-DEEP,1768180955378,0,KALSHI,KALSHI-TEST-DEEP,KALSHI,KALSHI,API,,False,SELF_REFERENTIAL,0,,,,,False,NO_DATA,0,,,,,,0.0,0.0,0.0,0,KALSHI_PREDICTION,UNKNOWN,,VENUE,STUB,NO_TRADE,NO_DATA,,[],0.0,0.0,0.0,0,False,,0.0,SIGNAL_UNAVAILABLE,,0.0,SIGNAL_UNAVAILABLE,,,
1768181015884,KALSHI-TEST-DEEP,1768181015884,0,KALSHI,KALSHI-TEST-DEEP,KALSHI,KALSHI,API,,False,SELF_REFERENTIAL,0,,,,,False,NO_DATA,0,,,,,,0.0,0.0,0.0,0,KALSHI_PREDICTION,UNKNOWN,,VENUE,STUB,NO_TRADE,NO_DATA,,[],0.0,0.0,0.0,0,False,,0.0,SIGNAL_UNAVAILABLE,,0.0,SIGNAL_UNAVAILABLE,,,
1768181076385,KALSHI-TEST-DEEP,1768181076385,0,KALSHI,KALSHI-TEST-DEEP,KALSHI,KALSHI,API,,False,SELF_REFERENTIAL,0,,,,,False,NO_DATA,0,,,,,,0.0,0.0,0.0,0,KALSHI_PREDICTION,UNKNOWN,,VENUE,STUB,NO_TRADE,NO_DATA,,[],0.0,0.0,0.0,0,False,,0.0,SIGNAL_UNAVAILABLE,,0.0,SIGNAL_UNAVAILABLE,,,
1768181136885,KALSHI-TEST-DEEP,1768181136885,0,KALSHI,KALSHI-TEST-DEEP,KALSHI,KALSHI,API,,False,SELF_REFERENTIAL,0,,,,,False,NO_DATA,0,,,,,,0.0,0.0,0.0,0,KALSHI_PREDICTION,UNKNOWN,,VENUE,STUB,NO_TRADE,NO_DATA,,[],0.0,0.0,0.0,0,False,,0.0,SIGNAL_UNAVAILABLE,,0.0,SIGNAL_UNAVAILABLE,,,
1768181197392,KALSHI-TEST-DEEP,1768181197392,0,KALSHI,KALSHI-TEST-DEEP,KALSHI,KALSHI,API,,False,SELF_REFERENTIAL,0,,,,,False,NO_DATA,0,,,,,,0.0,0.0,0.0,0,KALSHI_PREDICTION,UNKNOWN,,VENUE,STUB,NO_TRADE,NO_DATA,,[],0.0,0.0,0.0,0,False,,0.0,SIGNAL_UNAVAILABLE,,0.0,SIGNAL_UNAVAILABLE,,,
1768181257883,KALSHI-TEST-DEEP,1768181257883,0,KALSHI,KALSHI-TEST-DEEP,KALSHI,KALSHI,API,,False,SELF_REFERENTIAL,0,,,,,False,NO_DATA,0,,,,,,0.0,0.0,0.0,0,KALSHI_PREDICTION,UNKNOWN,,VENUE,STUB,NO_TRADE,NO_DATA,,[],0.0,0.0,0.0,0,False,,0.0,SIGNAL_UNAVAILABLE,,0.0,SIGNAL_UNAVAILABLE,,,
1768181318385,KALSHI-TEST-DEEP,1768181318385,0,KALSHI,KALSHI-TEST-DEEP,KALSHI,KALSHI,API,,False,SELF_REFERENTIAL,0,,,,,False,NO_DATA,0,,,,,,0.0,0.0,0.0,0,KALSHI_PREDICTION,UNKNOWN,,VENUE,STUB,NO_TRADE,NO_DATA,,[],0.0,0.0,0.0,0,False,,0.0,SIGNAL_UNAVAILABLE,,0.0,SIGNAL_UNAVAILABLE,,,
1768181378884,KALSHI-TEST-DEEP,1768181378884,0,KALSHI,KALSHI-TEST-DEEP,KALSHI,KALSHI,API,,False,SELF_REFERENTIAL,0,,,,,False,NO_DATA,0,,,,,,0.0,0.0,0.0,0,KALSHI_PREDICTION,UNKNOWN,,VENUE,STUB,NO_TRADE,NO_DATA,,[],0.0,0.0,0.0,0,False,,0.0,SIGNAL_UNAVAILABLE,,0.0,SIGNAL_UNAVAILABLE,,,
1768181439391,KALSHI-TEST-DEEP,1768181439391,0,KALSHI,KALSHI-TEST-DEEP,KALSHI,KALSHI,API,,False,SELF_REFERENTIAL,0,,,,,False,NO_DATA,0,,,,,,0.0,0.0,0.0,0,KALSHI_PREDICTION,UNKNOWN,,VENUE,STUB,NO_TRADE,NO_DATA,,[],0.0,0.0,0.0,0,False,,0.0,SIGNAL_UNAVAILABLE,,0.0,SIGNAL_UNAVAILABLE,,,
1768181499890,KALSHI-TEST-DEEP,1768181499890,0,KALSHI,KALSHI-TEST-DEEP,KALSHI,KALSHI,API,,False,SELF_REFERENTIAL,0,,,,,False,NO_DATA,0,,,,,,0.0,0.0,0.0,0,KALSHI_PREDICTION,UNKNOWN,,VENUE,STUB,NO_TRADE,NO_DATA,,[],0.0,0.0,0.0,0,False,,0.0,SIGNAL_UNAVAILABLE,,0.0,SIGNAL_UNAVAILABLE,,,
1768181560386,KALSHI-TEST-DEEP,1768181560386,0,KALSHI,KALSHI-TEST-DEEP,KALSHI,KALSHI,API,,False,SELF_REFERENTIAL,0,,,,,False,NO_DATA,0,,,,,,0.0,0.0,0.0,0,KALSHI_PREDICTION,UNKNOWN,,VENUE,STUB,NO_TRADE,NO_DATA,,[],0.0,0.0,0.0,0,False,,0.0,SIGNAL_UNAVAILABLE,,0.0,SIGNAL_UNAVAILABLE,,,
1768181620886,KALSHI-TEST-DEEP,1768181620886,0,KALSHI,KALSHI-TEST-DEEP,KALSHI,KALSHI,API,,False,SELF_REFERENTIAL,0,,,,,False,NO_DATA,0,,,,,,0.0,0.0,0.0,0,KALSHI_PREDICTION,UNKNOWN,,VENUE,STUB,NO_TRADE,NO_DATA,,[],0.0,0.0,0.0,0,False,,0.0,SIGNAL_UNAVAILABLE,,0.0,SIGNAL_UNAVAILABLE,,,
1768181681394,KALSHI-TEST-DEEP,1768181681394,0,KALSHI,KALSHI-TEST-DEEP,KALSHI,KALSHI,API,,False,SELF_REFERENTIAL,0,,,,,False,NO_DATA,0,,,,,,0.0,0.0,0.0,0,KALSHI_PREDICTION,UNKNOWN,,VENUE,STUB,NO_TRADE,NO_DATA,,[],0.0,0.0,0.0,0,False,,0.0,SIGNAL_UNAVAILABLE,,0.0,SIGNAL_UNAVAILABLE,,,
1768181741887,KALSHI-TEST-DEEP,1768181741887,0,KALSHI,KALSHI-TEST-DEEP,KALSHI,KALSHI,API,,False,SELF_REFERENTIAL,0,,,,,False,NO_DATA,0,,,,,,0.0,0.0,0.0,0,KALSHI_PREDICTION,UNKNOWN,,VENUE,STUB,NO_TRADE,NO_DATA,,[],0.0,0.0,0.0,0,False,,0.0,SIGNAL_UNAVAILABLE,,0.0,SIGNAL_UNAVAILABLE,,,
1768181802378,KALSHI-TEST-DEEP,1768181802378,0,KALSHI,KALSHI-TEST-DEEP,KALSHI,KALSHI,API,,False,SELF_REFERENTIAL,0,,,,,False,NO_DATA,0,,,,,,0.0,0.0,0.0,0,KALSHI_PREDICTION,UNKNOWN,,VENUE,STUB,NO_TRADE,NO_DATA,,[],0.0,0.0,0.0,0,False,,0.0,SIGNAL_UNAVAILABLE,,0.0,SIGNAL_UNAVAILABLE,,,
1768181862890,KALSHI-TEST-DEEP,1768181862890,0,KALSHI,KALSHI-TEST-DEEP,KALSHI,KALSHI,API,,False,SELF_REFERENTIAL,0,,,,,False,NO_DATA,0,,,,,,0.0,0.0,0.0,0,KALSHI_PREDICTION,UNKNOWN,,VENUE,STUB,NO_TRADE,NO_DATA,,[],0.0,0.0,0.0,0,False,,0.0,SIGNAL_UNAVAILABLE,,0.0,SIGNAL_UNAVAILABLE,,,
1768181923172,KALSHI-TEST-DEEP,1768181923172,0,KALSHI,KALSHI-TEST-DEEP,KALSHI,KALSHI,API,,False,SELF_REFERENTIAL,0,,,,,False,NO_DATA,0,,,,,,0.0,0.0,0.0,0,KALSHI_PREDICTION,UNKNOWN,,VENUE,STUB,NO_TRADE,NO_DATA,,[],0.0,0.0,0.0,0,False,,0.0,SIGNAL_UNAVAILABLE,,0.0,SIGNAL_UNAVAILABLE,,,
1768181983341,KALSHI-TEST-DEEP,1768181983341,0,KALSHI,KALSHI-TEST-DEEP,KALSHI,KALSHI,API,,False,SELF_REFERENTIAL,0,,,,,False,NO_DATA,0,,,,,,0.0,0.0,0.0,0,KALSHI_PREDICTION,UNKNOWN,,VENUE,STUB,NO_TRADE,NO_DATA,,[],0.0,0.0,0.0,0,False,,0.0,SIGNAL_UNAVAILABLE,,0.0,SIGNAL_UNAVAILABLE,,,
1768182044383,KALSHI-TEST-DEEP,1768182044383,0,KALSHI,KALSHI-TEST-DEEP,KALSHI,KALSHI,API,,False,SELF_REFERENTIAL,0,,,,,False,NO_DATA,0,,,,,,0.0,0.0,0.0,0,KALSHI_PREDICTION,UNKNOWN,,VENUE,STUB,NO_TRADE,NO_DATA,,[],0.0,0.0,0.0,0,False,,0.0,SIGNAL_UNAVAILABLE,,0.0,SIGNAL_UNAVAILABLE,,,
1768182104881,KALSHI-TEST-DEEP,1768182104881,0,KALSHI,KALSHI-TEST-DEEP,KALSHI,KALSHI,API,,False,SELF_REFERENTIAL,0,,,,,False,NO_DATA,0,,,,,,0.0,0.0,0.0,0,KALSHI_PREDICTION,UNKNOWN,,VENUE,STUB,NO_TRADE,NO_DATA,,[],0.0,0.0,0.0,0,False,,0.0,SIGNAL_UNAVAILABLE,,0.0,SIGNAL_UNAVAILABLE,,,
1768182165411,KALSHI-TEST-DEEP,1768182165411,0,KALSHI,KALSHI-TEST-DEEP,KALSHI,KALSHI,API,,False,SELF_REFERENTIAL,0,,,,,False,NO_DATA,0,,,,,,0.0,0.0,0.0,0,KALSHI_PREDICTION,UNKNOWN,,VENUE,STUB,NO_TRADE,NO_DATA,,[],0.0,0.0,0.0,0,False,,0.0,SIGNAL_UNAVAILABLE,,0.0,SIGNAL_UNAVAILABLE,,,
1768182225878,KALSHI-TEST-DEEP,1768182225878,0,KALSHI,KALSHI-TEST-DEEP,KALSHI,KALSHI,API,,False,SELF_REFERENTIAL,0,,,,,False,NO_DATA,0,,,,,,0.0,0.0,0.0,0,KALSHI_PREDICTION,UNKNOWN,,VENUE,STUB,NO_TRADE,NO_DATA,,[],0.0,0.0,0.0,0,False,,0.0,SIGNAL_UNAVAILABLE,,0.0,SIGNAL_UNAVAILABLE,,,
1768182286400,KALSHI-TEST-DEEP,1768182286400,0,KALSHI,KALSHI-TEST-DEEP,KALSHI,KALSHI,API,,False,SELF_REFERENTIAL,0,,,,,False,NO_DATA,0,,,,,,0.0,0.0,0.0,0,KALSHI_PREDICTION,UNKNOWN,,VENUE,STUB,NO_TRADE,NO_DATA,,[],0.0,0.0,0.0,0,False,,0.0,SIGNAL_UNAVAILABLE,,0.0,SIGNAL_UNAVAILABLE,,,
1768182346879,KALSHI-TEST-DEEP,1768182346879,0,KALSHI,KALSHI-TEST-DEEP,KALSHI,KALSHI,API,,False,SELF_REFERENTIAL,0,,,,,False,NO_DATA,0,,,,,,0.0,0.0,0.0,0,KALSHI_PREDICTION,UNKNOWN,,VENUE,STUB,NO_TRADE,NO_DATA,,[],0.0,0.0,0.0,0,False,,0.0,SIGNAL_UNAVAILABLE,,0.0,SIGNAL_UNAVAILABLE,,,
1768182407381,KALSHI-TEST-DEEP,1768182407381,0,KALSHI,KALSHI-TEST-DEEP,KALSHI,KALSHI,API,,False,SELF_REFERENTIAL,0,,,,,False,NO_DATA,0,,,,,,0.0,0.0,0.0,0,KALSHI_PREDICTION,UNKNOWN,,VENUE,STUB,NO_TRADE,NO_DATA,,[],0.0,0.0,0.0,0,False,,0.0,SIGNAL_UNAVAILABLE,,0.0,SIGNAL_UNAVAILABLE,,,
1768182468025,KALSHI-TEST-DEEP,1768182468025,0,KALSHI,KALSHI-TEST-DEEP,KALSHI,KALSHI,API,,False,SELF_REFERENTIAL,0,,,,,False,NO_DATA,0,,,,,,0.0,0.0,0.0,0,KALSHI_PREDICTION,UNKNOWN,,VENUE,STUB,NO_TRADE,NO_DATA,,[],0.0,0.0,0.0,0,False,,0.0,SIGNAL_UNAVAILABLE,,0.0,SIGNAL_UNAVAILABLE,,,
1768182529417,KALSHI-TEST-DEEP,1768182529417,0,KALSHI,KALSHI-TEST-DEEP,KALSHI,KALSHI,API,,False,SELF_REFERENTIAL,0,,,,,False,NO_DATA,0,,,,,,0.0,0.0,0.0,0,KALSHI_PREDICTION,UNKNOWN,,VENUE,STUB,NO_TRADE,NO_DATA,,[],0.0,0.0,0.0,0,False,,0.0,SIGNAL_UNAVAILABLE,,0.0,SIGNAL_UNAVAILABLE,,,
1768182589890,KALSHI-TEST-DEEP,1768182589890,0,KALSHI,KALSHI-TEST-DEEP,KALSHI,KALSHI,API,,False,SELF_REFERENTIAL,0,,,,,False,NO_DATA,0,,,,,,0.0,0.0,0.0,0,KALSHI_PREDICTION,UNKNOWN,,VENUE,STUB,NO_TRADE,NO_DATA,,[],0.0,0.0,0.0,0,False,,0.0,SIGNAL_UNAVAILABLE,,0.0,SIGNAL_UNAVAILABLE,,,
1768182650420,KALSHI-TEST-DEEP,1768182650420,0,KALSHI,KALSHI-TEST-DEEP,KALSHI,KALSHI,API,,False,SELF_REFERENTIAL,0,,,,,False,NO_DATA,0,,,,,,0.0,0.0,0.0,0,KALSHI_PREDICTION,UNKNOWN,,VENUE,STUB,NO_TRADE,NO_DATA,,[],0.0,0.0,0.0,0,False,,0.0,SIGNAL_UNAVAILABLE,,0.0,SIGNAL_UNAVAILABLE,,,
1768182710885,KALSHI-TEST-DEEP,1768182710885,0,KALSHI,KALSHI-TEST-DEEP,KALSHI,KALSHI,API,,False,SELF_REFERENTIAL,0,,,,,False,NO_DATA,0,,,,,,0.0,0.0,0.0,0,KALSHI_PREDICTION,UNKNOWN,,VENUE,STUB,NO_TRADE,NO_DATA,,[],0.0,0.0,0.0,0,False,,0.0,SIGNAL_UNAVAILABLE,,0.0,SIGNAL_UNAVAILABLE,,,
1768182771396,KALSHI-TEST-DEEP,1768182771396,0,KALSHI,KALSHI-TEST-DEEP,KALSHI,KALSHI,API,,False,SELF_REFERENTIAL,0,,,,,False,NO_DATA,0,,,,,,0.0,0.0,0.0,0,KALSHI_PREDICTION,UNKNOWN,,VENUE,STUB,NO_TRADE,NO_DATA,,[],0.0,0.0,0.0,0,False,,0.0,SIGNAL_UNAVAILABLE,,0.0,SIGNAL_UNAVAILABLE,,,
1768182831898,KALSHI-TEST-DEEP,1768182831898,0,KALSHI,KALSHI-TEST-DEEP,KALSHI,KALSHI,API,,False,SELF_REFERENTIAL,0,,,,,False,NO_DATA,0,,,,,,0.0,0.0,0.0,0,KALSHI_PREDICTION,UNKNOWN,,VENUE,STUB,NO_TRADE,NO_DATA,,[],0.0,0.0,0.0,0,False,,0.0,SIGNAL_UNAVAILABLE,,0.0,SIGNAL_UNAVAILABLE,,,
1768182892381,KALSHI-TEST-DEEP,1768182892381,0,KALSHI,KALSHI-TEST-DEEP,KALSHI,KALSHI,API,,False,SELF_REFERENTIAL,0,,,,,False,NO_DATA,0,,,,,,0.0,0.0,0.0,0,KALSHI_PREDICTION,UNKNOWN,,VENUE,STUB,NO_TRADE,NO_DATA,,[],0.0,0.0,0.0,0,False,,0.0,SIGNAL_UNAVAILABLE,,0.0,SIGNAL_UNAVAILABLE,,,
1768182952938,KALSHI-TEST-DEEP,1768182952938,0,KALSHI,KALSHI-TEST-DEEP,KALSHI,KALSHI,API,,False,SELF_REFERENTIAL,0,,,,,False,NO_DATA,0,,,,,,0.0,0.0,0.0,0,KALSHI_PREDICTION,UNKNOWN,,VENUE,STUB,NO_TRADE,NO_DATA,,[],0.0,0.0,0.0,0,False,,0.0,SIGNAL_UNAVAILABLE,,0.0,SIGNAL_UNAVAILABLE,,,
1768183013397,KALSHI-TEST-DEEP,1768183013397,0,KALSHI,KALSHI-TEST-DEEP,KALSHI,KALSHI,API,,False,SELF_REFERENTIAL,0,,,,,False,NO_DATA,0,,,,,,0.0,0.0,0.0,0,KALSHI_PREDICTION,UNKNOWN,,VENUE,STUB,NO_TRADE,NO_DATA,,[],0.0,0.0,0.0,0,False,,0.0,SIGNAL_UNAVAILABLE,,0.0,SIGNAL_UNAVAILABLE,,,
1768183073961,KALSHI-TEST-DEEP,1768183073961,0,KALSHI,KALSHI-TEST-DEEP,KALSHI,KALSHI,API,,False,SELF_REFERENTIAL,0,,,,,False,NO_DATA,0,,,,,,0.0,0.0,0.0,0,KALSHI_PREDICTION,UNKNOWN,,VENUE,STUB,NO_TRADE,NO_DATA,,[],0.0,0.0,0.0,0,False,,0.0,SIGNAL_UNAVAILABLE,,0.0,SIGNAL_UNAVAILABLE,,,
1768183115236,INXD-26JAN17,1768183115236,0,KALSHI,INXD-26JAN17,KALSHI,KALSHI,API,,False,SELF_REFERENTIAL,0,,,,,False,NO_DATA,0,,,,,,0.0,0.0,0.0,0,KALSHI_PREDICTION,UNKNOWN,,VENUE,STUB,NO_TRADE,NO_DATA,,[],0.0,0.0,0.0,0,False,,0.0,SIGNAL_UNAVAILABLE,,0.0,SIGNAL_UNAVAILABLE,,,
1768183134441,KALSHI-TEST-DEEP,1768183134441,0,KALSHI,KALSHI-TEST-DEEP,KALSHI,KALSHI,API,,False,SELF_REFERENTIAL,0,,,,,False,NO_DATA,0,,,,,,0.0,0.0,0.0,0,KALSHI_PREDICTION,UNKNOWN,,VENUE,STUB,NO_TRADE,NO_DATA,,[],0.0,0.0,0.0,0,False,,0.0,SIGNAL_UNAVAILABLE,,0.0,SIGNAL_UNAVAILABLE,,,
1768183195169,KALSHI-TEST-DEEP,1768183195169,0,KALSHI,KALSHI-TEST-DEEP,KALSHI,KALSHI,API,,False,SELF_REFERENTIAL,0,,,,,False,NO_DATA,0,,,,,,0.0,0.0,0.0,0,KALSHI_PREDICTION,UNKNOWN,,VENUE,STUB,NO_TRADE,NO_DATA,,[],0.0,0.0,0.0,0,False,,0.0,SIGNAL_UNAVAILABLE,,0.0,SIGNAL_UNAVAILABLE,,,
1768183255333,KALSHI-TEST-DEEP,1768183255333,0,KALSHI,KALSHI-TEST-DEEP,KALSHI,KALSHI,API,,False,SELF_REFERENTIAL,0,,,,,False,NO_DATA,0,,,,,,0.0,0.0,0.0,0,KALSHI_PREDICTION,UNKNOWN,,VENUE,STUB,NO_TRADE,NO_DATA,,[],0.0,0.0,0.0,0,False,,0.0,SIGNAL_UNAVAILABLE,,0.0,SIGNAL_UNAVAILABLE,,,
1768183316156,KALSHI-TEST-DEEP,1768183316156,0,KALSHI,KALSHI-TEST-DEEP,KALSHI,KALSHI,API,,False,SELF_REFERENTIAL,0,,,,,False,NO_DATA,0,,,,,,0.0,0.0,0.0,0,KALSHI_PREDICTION,UNKNOWN,,VENUE,STUB,NO_TRADE,NO_DATA,,[],0.0,0.0,0.0,0,False,,0.0,SIGNAL_UNAVAILABLE,,0.0,SIGNAL_UNAVAILABLE,,,
1768183376325,KALSHI-TEST-DEEP,1768183376325,0,KALSHI,KALSHI-TEST-DEEP,KALSHI,KALSHI,API,,False,SELF_REFERENTIAL,0,,,,,False,NO_DATA,0,,,,,,0.0,0.0,0.0,0,KALSHI_PREDICTION,UNKNOWN,,VENUE,STUB,NO_TRADE,NO_DATA,,[],0.0,0.0,0.0,0,False,,0.0,SIGNAL_UNAVAILABLE,,0.0,SIGNAL_UNAVAILABLE,,,
1768183437128,KALSHI-TEST-DEEP,1768183437128,0,KALSHI,KALSHI-TEST-DEEP,KALSHI,KALSHI,API,,False,SELF_REFERENTIAL,0,,,,,False,NO_DATA,0,,,,,,0.0,0.0,0.0,0,KALSHI_PREDICTION,UNKNOWN,,VENUE,STUB,NO_TRADE,NO_DATA,,[],0.0,0.0,0.0,0,False,,0.0,SIGNAL_UNAVAILABLE,,0.0,SIGNAL_UNAVAILABLE,,,
1768183497367,KALSHI-TEST-DEEP,1768183497367,0,KALSHI,KALSHI-TEST-DEEP,KALSHI,KALSHI,API,,False,SELF_REFERENTIAL,0,,,,,False,NO_DATA,0,,,,,,0.0,0.0,0.0,0,KALSHI_PREDICTION,UNKNOWN,,VENUE,STUB,NO_TRADE,NO_DATA,,[],0.0,0.0,0.0,0,False,,0.0,SIGNAL_UNAVAILABLE,,0.0,SIGNAL_UNAVAILABLE,,,
1768183558133,KALSHI-TEST-DEEP,1768183558133,0,KALSHI,KALSHI-TEST-DEEP,KALSHI,KALSHI,API,,False,SELF_REFERENTIAL,0,,,,,False,NO_DATA,0,,,,,,0.0,0.0,0.0,0,KALSHI_PREDICTION,UNKNOWN,,VENUE,STUB,NO_TRADE,NO_DATA,,[],0.0,0.0,0.0,0,False,,0.0,SIGNAL_UNAVAILABLE,,0.0,SIGNAL_UNAVAILABLE,,,
1768183618367,KALSHI-TEST-DEEP,1768183618367,0,KALSHI,KALSHI-TEST-DEEP,KALSHI,KALSHI,API,,False,SELF_REFERENTIAL,0,,,,,False,NO_DATA,0,,,,,,0.0,0.0,0.0,0,KALSHI_PREDICTION,UNKNOWN,,VENUE,STUB,NO_TRADE,NO_DATA,,[],0.0,0.0,0.0,0,False,,0.0,SIGNAL_UNAVAILABLE,,0.0,SIGNAL_UNAVAILABLE,,,
1768183679125,KALSHI-TEST-DEEP,1768183679125,0,KALSHI,KALSHI-TEST-DEEP,KALSHI,KALSHI,API,,False,SELF_REFERENTIAL,0,,,,,False,NO_DATA,0,,,,,,0.0,0.0,0.0,0,KALSHI_PREDICTION,UNKNOWN,,VENUE,STUB,NO_TRADE,NO_DATA,,[],0.0,0.0,0.0,0,False,,0.0,SIGNAL_UNAVAILABLE,,0.0,SIGNAL_UNAVAILABLE,,,
1768183739365,KALSHI-TEST-DEEP,1768183739365,0,KALSHI,KALSHI-TEST-DEEP,KALSHI,KALSHI,API,,False,SELF_REFERENTIAL,0,,,,,False,NO_DATA,0,,,,,,0.0,0.0,0.0,0,KALSHI_PREDICTION,UNKNOWN,,VENUE,STUB,NO_TRADE,NO_DATA,,[],0.0,0.0,0.0,0,False,,0.0,SIGNAL_UNAVAILABLE,,0.0,SIGNAL_UNAVAILABLE,,,
1768183800144,KALSHI-TEST-DEEP,1768183800144,0,KALSHI,KALSHI-TEST-DEEP,KALSHI,KALSHI,API,,False,SELF_REFERENTIAL,0,,,,,False,NO_DATA,0,,,,,,0.0,0.0,0.0,0,KALSHI_PREDICTION,UNKNOWN,,VENUE,STUB,NO_TRADE,NO_DATA,,[],0.0,0.0,0.0,0,False,,0.0,SIGNAL_UNAVAILABLE,,0.0,SIGNAL_UNAVAILABLE,,,
1768183860363,KALSHI-TEST-DEEP,1768183860363,0,KALSHI,KALSHI-TEST-DEEP,KALSHI,KALSHI,API,,False,SELF_REFERENTIAL,0,,,,,False,NO_DATA,0,,,,,,0.0,0.0,0.0,0,KALSHI_PREDICTION,UNKNOWN,,VENUE,STUB,NO_TRADE,NO_DATA,,[],0.0,0.0,0.0,0,False,,0.0,SIGNAL_UNAVAILABLE,,0.0,SIGNAL_UNAVAILABLE,,,
1768183921503,KALSHI-TEST-DEEP,1768183921503,0,KALSHI,KALSHI-TEST-DEEP,KALSHI,KALSHI,API,,False,SELF_REFERENTIAL,0,,,,,False,NO_DATA,0,,,,,,0.0,0.0,0.0,0,KALSHI_PREDICTION,UNKNOWN,,VENUE,STUB,NO_TRADE,NO_DATA,,[],0.0,0.0,0.0,0,False,,0.0,SIGNAL_UNAVAILABLE,,0.0,SIGNAL_UNAVAILABLE,,,
1768183982351,KALSHI-TEST-DEEP,1768183982351,0,KALSHI,KALSHI-TEST-DEEP,KALSHI,KALSHI,API,,False,SELF_REFERENTIAL,0,,,,,False,NO_DATA,0,,,,,,0.0,0.0,0.0,0,KALSHI_PREDICTION,UNKNOWN,,VENUE,STUB,NO_TRADE,NO_DATA,,[],0.0,0.0,0.0,0,False,,0.0,SIGNAL_UNAVAILABLE,,0.0,SIGNAL_UNAVAILABLE,,,
1768184042360,KALSHI-TEST-DEEP,1768184042360,0,KALSHI,KALSHI-TEST-DEEP,KALSHI,KALSHI,API,,False,SELF_REFERENTIAL,0,,,,,False,NO_DATA,0,,,,,,0.0,0.0,0.0,0,KALSHI_PREDICTION,UNKNOWN,,VENUE,STUB,NO_TRADE,NO_DATA,,[],0.0,0.0,0.0,0,False,,0.0,SIGNAL_UNAVAILABLE,,0.0,SIGNAL_UNAVAILABLE,,,
1768184102865,KALSHI-TEST-DEEP,1768184102865,0,KALSHI,KALSHI-TEST-DEEP,KALSHI,KALSHI,API,,False,SELF_REFERENTIAL,0,,,,,False,NO_DATA,0,,,,,,0.0,0.0,0.0,0,KALSHI_PREDICTION,UNKNOWN,,VENUE,STUB,NO_TRADE,NO_DATA,,[],0.0,0.0,0.0,0,False,,0.0,SIGNAL_UNAVAILABLE,,0.0,SIGNAL_UNAVAILABLE,,,
1768184163354,KALSHI-TEST-DEEP,1768184163354,0,KALSHI,KALSHI-TEST-DEEP,KALSHI,KALSHI,API,,False,SELF_REFERENTIAL,0,,,,,False,NO_DATA,0,,,,,,0.0,0.0,0.0,0,KALSHI_PREDICTION,UNKNOWN,,VENUE,STUB,NO_TRADE,NO_DATA,,[],0.0,0.0,0.0,0,False,,0.0,SIGNAL_UNAVAILABLE,,0.0,SIGNAL_UNAVAILABLE,,,
1768184224391,KALSHI-TEST-DEEP,1768184224391,0,KALSHI,KALSHI-TEST-DEEP,KALSHI,KALSHI,API,,False,SELF_REFERENTIAL,0,,,,,False,NO_DATA,0,,,,,,0.0,0.0,0.0,0,KALSHI_PREDICTION,UNKNOWN,,VENUE,STUB,NO_TRADE,NO_DATA,,[],0.0,0.0,0.0,0,False,,0.0,SIGNAL_UNAVAILABLE,,0.0,SIGNAL_UNAVAILABLE,,,
1768184285356,KALSHI-TEST-DEEP,1768184285356,0,KALSHI,KALSHI-TEST-DEEP,KALSHI,KALSHI,API,,False,SELF_REFERENTIAL,0,,,,,False,NO_DATA,0,,,,,,0.0,0.0,0.0,0,KALSHI_PREDICTION,UNKNOWN,,VENUE,STUB,NO_TRADE,NO_DATA,,[],0.0,0.0,0.0,0,False,,0.0,SIGNAL_UNAVAILABLE,,0.0,SIGNAL_UNAVAILABLE,,,
1768184346369,KALSHI-TEST-DEEP,1768184346369,0,KALSHI,KALSHI-TEST-DEEP,KALSHI,KALSHI,API,,False,SELF_REFERENTIAL,0,,,,,False,NO_DATA,0,,,,,,0.0,0.0,0.0,0,KALSHI_PREDICTION,UNKNOWN,,VENUE,STUB,NO_TRADE,NO_DATA,,[],0.0,0.0,0.0,0,False,,0.0,SIGNAL_UNAVAILABLE,,0.0,SIGNAL_UNAVAILABLE,,,
1768184398242,INXD-26JAN17,1768184398242,0,KALSHI,INXD-26JAN17,KALSHI,KALSHI,API,,False,SELF_REFERENTIAL,0,,,,,False,NO_DATA,0,,,,,,0.0,0.0,0.0,0,KALSHI_PREDICTION,UNKNOWN,,VENUE,STUB,NO_TRADE,NO_DATA,,[],0.0,0.0,0.0,0,False,,0.0,SIGNAL_UNAVAILABLE,,0.0,SIGNAL_UNAVAILABLE,,,
1768184407345,KALSHI-TEST-DEEP,1768184407345,0,KALSHI,KALSHI-TEST-DEEP,KALSHI,KALSHI,API,,False,SELF_REFERENTIAL,0,,,,,False,NO_DATA,0,,,,,,0.0,0.0,0.0,0,KALSHI_PREDICTION,UNKNOWN,,VENUE,STUB,NO_TRADE,NO_DATA,,[],0.0,0.0,0.0,0,False,,0.0,SIGNAL_UNAVAILABLE,,0.0,SIGNAL_UNAVAILABLE,,,
1768184468399,KALSHI-TEST-DEEP,1768184468399,0,KALSHI,KALSHI-TEST-DEEP,KALSHI,KALSHI,API,,False,SELF_REFERENTIAL,0,,,,,False,NO_DATA,0,,,,,,0.0,0.0,0.0,0,KALSHI_PREDICTION,UNKNOWN,,VENUE,STUB,NO_TRADE,NO_DATA,,[],0.0,0.0,0.0,0,False,,0.0,SIGNAL_UNAVAILABLE,,0.0,SIGNAL_UNAVAILABLE,,,
1768184529415,KALSHI-TEST-DEEP,1768184529415,0,KALSHI,KALSHI-TEST-DEEP,KALSHI,KALSHI,API,,False,SELF_REFERENTIAL,0,,,,,False,NO_DATA,0,,,,,,0.0,0.0,0.0,0,KALSHI_PREDICTION,UNKNOWN,,VENUE,STUB,NO_TRADE,NO_DATA,,[],0.0,0.0,0.0,0,False,,0.0,SIGNAL_UNAVAILABLE,,0.0,SIGNAL_UNAVAILABLE,,,
1768184590405,KALSHI-TEST-DEEP,1768184590405,0,KALSHI,KALSHI-TEST-DEEP,KALSHI,KALSHI,API,,False,SELF_REFERENTIAL,0,,,,,False,NO_DATA,0,,,,,,0.0,0.0,0.0,0,KALSHI_PREDICTION,UNKNOWN,,VENUE,STUB,NO_TRADE,NO_DATA,,[],0.0,0.0,0.0,0,False,,0.0,SIGNAL_UNAVAILABLE,,0.0,SIGNAL_UNAVAILABLE,,,
1768184650400,KALSHI-TEST-DEEP,1768184650400,0,KALSHI,KALSHI-TEST-DEEP,KALSHI,KALSHI,API,,False,SELF_REFERENTIAL,0,,,,,False,NO_DATA,0,,,,,,0.0,0.0,0.0,0,KALSHI_PREDICTION,UNKNOWN,,VENUE,STUB,NO_TRADE,NO_DATA,,[],0.0,0.0,0.0,0,False,,0.0,SIGNAL_UNAVAILABLE,,0.0,SIGNAL_UNAVAILABLE,,,
1768184711133,KALSHI-TEST-DEEP,1768184711133,0,KALSHI,KALSHI-TEST-DEEP,KALSHI,KALSHI,API,,False,SELF_REFERENTIAL,0,,,,,False,NO_DATA,0,,,,,,0.0,0.0,0.0,0,KALSHI_PREDICTION,UNKNOWN,,VENUE,STUB,NO_TRADE,NO_DATA,,[],0.0,0.0,0.0,0,False,,0.0,SIGNAL_UNAVAILABLE,,0.0,SIGNAL_UNAVAILABLE,,,
1768184771345,KALSHI-TEST-DEEP,1768184771345,0,KALSHI,KALSHI-TEST-DEEP,KALSHI,KALSHI,API,,False,SELF_REFERENTIAL,0,,,,,False,NO_DATA,0,,,,,,0.0,0.0,0.0,0,KALSHI_PREDICTION,UNKNOWN,,VENUE,STUB,NO_TRADE,NO_DATA,,[],0.0,0.0,0.0,0,False,,0.0,SIGNAL_UNAVAILABLE,,0.0,SIGNAL_UNAVAILABLE,,,
1768184831876,KALSHI-TEST-DEEP,1768184831876,0,KALSHI,KALSHI-TEST-DEEP,KALSHI,KALSHI,API,,False,SELF_REFERENTIAL,0,,,,,False,NO_DATA,0,,,,,,0.0,0.0,0.0,0,KALSHI_PREDICTION,UNKNOWN,,VENUE,STUB,NO_TRADE,NO_DATA,,[],0.0,0.0,0.0,0,False,,0.0,SIGNAL_UNAVAILABLE,,0.0,SIGNAL_UNAVAILABLE,,,
1768184893492,KALSHI-TEST-DEEP,1768184893492,0,KALSHI,KALSHI-TEST-DEEP,KALSHI,KALSHI,API,,False,SELF_REFERENTIAL,0,,,,,False,NO_DATA,0,,,,,,0.0,0.0,0.0,0,KALSHI_PREDICTION,UNKNOWN,,VENUE,STUB,NO_TRADE,NO_DATA,,[],0.0,0.0,0.0,0,False,,0.0,SIGNAL_UNAVAILABLE,,0.0,SIGNAL_UNAVAILABLE,,,
1768184953911,KALSHI-TEST-DEEP,1768184953911,0,KALSHI,KALSHI-TEST-DEEP,KALSHI,KALSHI,API,,False,SELF_REFERENTIAL,0,,,,,False,NO_DATA,0,,,,,,0.0,0.0,0.0,0,KALSHI_PREDICTION,UNKNOWN,,VENUE,STUB,NO_TRADE,NO_DATA,,[],0.0,0.0,0.0,0,False,,0.0,SIGNAL_UNAVAILABLE,,0.0,SIGNAL_UNAVAILABLE,,,
1768185014393,KALSHI-TEST-DEEP,1768185014393,0,KALSHI,KALSHI-TEST-DEEP,KALSHI,KALSHI,API,,False,SELF_REFERENTIAL,0,,,,,False,NO_DATA,0,,,,,,0.0,0.0,0.0,0,KALSHI_PREDICTION,UNKNOWN,,VENUE,STUB,NO_TRADE,NO_DATA,,[],0.0,0.0,0.0,0,False,,0.0,SIGNAL_UNAVAILABLE,,0.0,SIGNAL_UNAVAILABLE,,,
1768185075135,KALSHI-TEST-DEEP,1768185075135,0,KALSHI,KALSHI-TEST-DEEP,KALSHI,KALSHI,API,,False,SELF_REFERENTIAL,0,,,,,False,NO_DATA,0,,,,,,0.0,0.0,0.0,0,KALSHI_PREDICTION,UNKNOWN,,VENUE,STUB,NO_TRADE,NO_DATA,,[],0.0,0.0,0.0,0,False,,0.0,SIGNAL_UNAVAILABLE,,0.0,SIGNAL_UNAVAILABLE,,,
1768185135322,KALSHI-TEST-DEEP,1768185135322,0,KALSHI,KALSHI-TEST-DEEP,KALSHI,KALSHI,API,,False,SELF_REFERENTIAL,0,,,,,False,NO_DATA,0,,,,,,0.0,0.0,0.0,0,KALSHI_PREDICTION,UNKNOWN,,VENUE,STUB,NO_TRADE,NO_DATA,,[],0.0,0.0,0.0,0,False,,0.0,SIGNAL_UNAVAILABLE,,0.0,SIGNAL_UNAVAILABLE,,,
1768185196130,KALSHI-TEST-DEEP,1768185196130,0,KALSHI,KALSHI-TEST-DEEP,KALSHI,KALSHI,API,,False,SELF_REFERENTIAL,0,,,,,False,NO_DATA,0,,,,,,0.0,0.0,0.0,0,KALSHI_PREDICTION,UNKNOWN,,VENUE,STUB,NO_TRADE,NO_DATA,,[],0.0,0.0,0.0,0,False,,0.0,SIGNAL_UNAVAILABLE,,0.0,SIGNAL_UNAVAILABLE,,,
1768185256335,KALSHI-TEST-DEEP,1768185256335,0,KALSHI,KALSHI-TEST-DEEP,KALSHI,KALSHI,API,,False,SELF_REFERENTIAL,0,,,,,False,NO_DATA,0,,,,,,0.0,0.0,0.0,0,KALSHI_PREDICTION,UNKNOWN,,VENUE,STUB,NO_TRADE,NO_DATA,,[],0.0,0.0,0.0,0,False,,0.0,SIGNAL_UNAVAILABLE,,0.0,SIGNAL_UNAVAILABLE,,,
1768185317138,KALSHI-TEST-DEEP,1768185317138,0,KALSHI,KALSHI-TEST-DEEP,KALSHI,KALSHI,API,,False,SELF_REFERENTIAL,0,,,,,False,NO_DATA,0,,,,,,0.0,0.0,0.0,0,KALSHI_PREDICTION,UNKNOWN,,VENUE,STUB,NO_TRADE,NO_DATA,,[],0.0,0.0,0.0,0,False,,0.0,SIGNAL_UNAVAILABLE,,0.0,SIGNAL_UNAVAILABLE,,,
1768185377350,KALSHI-TEST-DEEP,1768185377350,0,KALSHI,KALSHI-TEST-DEEP,KALSHI,KALSHI,API,,False,SELF_REFERENTIAL,0,,,,,False,NO_DATA,0,,,,,,0.0,0.0,0.0,0,KALSHI_PREDICTION,UNKNOWN,,VENUE,STUB,NO_TRADE,NO_DATA,,[],0.0,0.0,0.0,0,False,,0.0,SIGNAL_UNAVAILABLE,,0.0,SIGNAL_UNAVAILABLE,,,
1768185438137,KALSHI-TEST-DEEP,1768185438137,0,KALSHI,KALSHI-TEST-DEEP,KALSHI,KALSHI,API,,False,SELF_REFERENTIAL,0,,,,,False,NO_DATA,0,,,,,,0.0,0.0,0.0,0,KALSHI_PREDICTION,UNKNOWN,,VENUE,STUB,NO_TRADE,NO_DATA,,[],0.0,0.0,0.0,0,False,,0.0,SIGNAL_UNAVAILABLE,,0.0,SIGNAL_UNAVAILABLE,,,
1768185498328,KALSHI-TEST-DEEP,1768185498328,0,KALSHI,KALSHI-TEST-DEEP,KALSHI,KALSHI,API,,False,SELF_REFERENTIAL,0,,,,,False,NO_DATA,0,,,,,,0.0,0.0,0.0,0,KALSHI_PREDICTION,UNKNOWN,,VENUE,STUB,NO_TRADE,NO_DATA,,[],0.0,0.0,0.0,0,False,,0.0,SIGNAL_UNAVAILABLE,,0.0,SIGNAL_UNAVAILABLE,,,
1768185559129,KALSHI-TEST-DEEP,1768185559129,0,KALSHI,KALSHI-TEST-DEEP,KALSHI,KALSHI,API,,False,SELF_REFERENTIAL,0,,,,,False,NO_DATA,0,,,,,,0.0,0.0,0.0,0,KALSHI_PREDICTION,UNKNOWN,,VENUE,STUB,NO_TRADE,NO_DATA,,[],0.0,0.0,0.0,0,False,,0.0,SIGNAL_UNAVAILABLE,,0.0,SIGNAL_UNAVAILABLE,,,
1768185619355,KALSHI-TEST-DEEP,1768185619355,0,KALSHI,KALSHI-TEST-DEEP,KALSHI,KALSHI,API,,False,SELF_REFERENTIAL,0,,,,,False,NO_DATA,0,,,,,,0.0,0.0,0.0,0,KALSHI_PREDICTION,UNKNOWN,,VENUE,STUB,NO_TRADE,NO_DATA,,[],0.0,0.0,0.0,0,False,,0.0,SIGNAL_UNAVAILABLE,,0.0,SIGNAL_UNAVAILABLE,,,
1768185680141,KALSHI-TEST-DEEP,1768185680141,0,KALSHI,KALSHI-TEST-DEEP,KALSHI,KALSHI,API,,False,SELF_REFERENTIAL,0,,,,,False,NO_DATA,0,,,,,,0.0,0.0,0.0,0,KALSHI_PREDICTION,UNKNOWN,,VENUE,STUB,NO_TRADE,NO_DATA,,[],0.0,0.0,0.0,0,False,,0.0,SIGNAL_UNAVAILABLE,,0.0,SIGNAL_UNAVAILABLE,,,
1768185740330,KALSHI-TEST-DEEP,1768185740330,0,KALSHI,KALSHI-TEST-DEEP,KALSHI,KALSHI,API,,False,SELF_REFERENTIAL,0,,,,,False,NO_DATA,0,,,,,,0.0,0.0,0.0,0,KALSHI_PREDICTION,UNKNOWN,,VENUE,STUB,NO_TRADE,NO_DATA,,[],0.0,0.0,0.0,0,False,,0.0,SIGNAL_UNAVAILABLE,,0.0,SIGNAL_UNAVAILABLE,,,
1768185801142,KALSHI-TEST-DEEP,1768185801142,0,KALSHI,KALSHI-TEST-DEEP,KALSHI,KALSHI,API,,False,SELF_REFERENTIAL,0,,,,,False,NO_DATA,0,,,,,,0.0,0.0,0.0,0,KALSHI_PREDICTION,UNKNOWN,,VENUE,STUB,NO_TRADE,NO_DATA,,[],0.0,0.0,0.0,0,False,,0.0,SIGNAL_UNAVAILABLE,,0.0,SIGNAL_UNAVAILABLE,,,
1768185861340,KALSHI-TEST-DEEP,1768185861340,0,KALSHI,KALSHI-TEST-DEEP,KALSHI,KALSHI,API,,False,SELF_REFERENTIAL,0,,,,,False,NO_DATA,0,,,,,,0.0,0.0,0.0,0,KALSHI_PREDICTION,UNKNOWN,,VENUE,STUB,NO_TRADE,NO_DATA,,[],0.0,0.0,0.0,0,False,,0.0,SIGNAL_UNAVAILABLE,,0.0,SIGNAL_UNAVAILABLE,,,
1768185922151,KALSHI-TEST-DEEP,1768185922151,0,KALSHI,KALSHI-TEST-DEEP,KALSHI,KALSHI,API,,False,SELF_REFERENTIAL,0,,,,,False,NO_DATA,0,,,,,,0.0,0.0,0.0,0,KALSHI_PREDICTION,UNKNOWN,,VENUE,STUB,NO_TRADE,NO_DATA,,[],0.0,0.0,0.0,0,False,,0.0,SIGNAL_UNAVAILABLE,,0.0,SIGNAL_UNAVAILABLE,,,
1768185982346,KALSHI-TEST-DEEP,1768185982346,0,KALSHI,KALSHI-TEST-DEEP,KALSHI,KALSHI,API,,False,SELF_REFERENTIAL,0,,,,,False,NO_DATA,0,,,,,,0.0,0.0,0.0,0,KALSHI_PREDICTION,UNKNOWN,,VENUE,STUB,NO_TRADE,NO_DATA,,[],0.0,0.0,0.0,0,False,,0.0,SIGNAL_UNAVAILABLE,,0.0,SIGNAL_UNAVAILABLE,,,
1768186043143,KALSHI-TEST-DEEP,1768186043143,0,KALSHI,KALSHI-TEST-DEEP,KALSHI,KALSHI,API,,False,SELF_REFERENTIAL,0,,,,,False,NO_DATA,0,,,,,,0.0,0.0,0.0,0,KALSHI_PREDICTION,UNKNOWN,,VENUE,STUB,NO_TRADE,NO_DATA,,[],0.0,0.0,0.0,0,False,,0.0,SIGNAL_UNAVAILABLE,,0.0,SIGNAL_UNAVAILABLE,,,
1768186103301,KALSHI-TEST-DEEP,1768186103301,0,KALSHI,KALSHI-TEST-DEEP,KALSHI,KALSHI,API,,False,SELF_REFERENTIAL,0,,,,,False,NO_DATA,0,,,,,,0.0,0.0,0.0,0,KALSHI_PREDICTION,UNKNOWN,,VENUE,STUB,NO_TRADE,NO_DATA,,[],0.0,0.0,0.0,0,False,,0.0,SIGNAL_UNAVAILABLE,,0.0,SIGNAL_UNAVAILABLE,,,
1768186164138,KALSHI-TEST-DEEP,1768186164138,0,KALSHI,KALSHI-TEST-DEEP,KALSHI,KALSHI,API,,False,SELF_REFERENTIAL,0,,,,,False,NO_DATA,0,,,,,,0.0,0.0,0.0,0,KALSHI_PREDICTION,UNKNOWN,,VENUE,STUB,NO_TRADE,NO_DATA,,[],0.0,0.0,0.0,0,False,,0.0,SIGNAL_UNAVAILABLE,,0.0,SIGNAL_UNAVAILABLE,,,
1768186224355,KALSHI-TEST-DEEP,1768186224355,0,KALSHI,KALSHI-TEST-DEEP,KALSHI,KALSHI,API,,False,SELF_REFERENTIAL,0,,,,,False,NO_DATA,0,,,,,,0.0,0.0,0.0,0,KALSHI_PREDICTION,UNKNOWN,,VENUE,STUB,NO_TRADE,NO_DATA,,[],0.0,0.0,0.0,0,False,,0.0,SIGNAL_UNAVAILABLE,,0.0,SIGNAL_UNAVAILABLE,,,
1768186285153,KALSHI-TEST-DEEP,1768186285153,0,KALSHI,KALSHI-TEST-DEEP,KALSHI,KALSHI,API,,False,SELF_REFERENTIAL,0,,,,,False,NO_DATA,0,,,,,,0.0,0.0,0.0,0,KALSHI_PREDICTION,UNKNOWN,,VENUE,STUB,NO_TRADE,NO_DATA,,[],0.0,0.0,0.0,0,False,,0.0,SIGNAL_UNAVAILABLE,,0.0,SIGNAL_UNAVAILABLE,,,
1768186345364,KALSHI-TEST-DEEP,1768186345364,0,KALSHI,KALSHI-TEST-DEEP,KALSHI,KALSHI,API,,False,SELF_REFERENTIAL,0,,,,,False,NO_DATA,0,,,,,,0.0,0.0,0.0,0,KALSHI_PREDICTION,UNKNOWN,,VENUE,STUB,NO_TRADE,NO_DATA,,[],0.0,0.0,0.0,0,False,,0.0,SIGNAL_UNAVAILABLE,,0.0,SIGNAL_UNAVAILABLE,,,
1768186406142,KALSHI-TEST-DEEP,1768186406142,0,KALSHI,KALSHI-TEST-DEEP,KALSHI,KALSHI,API,,False,SELF_REFERENTIAL,0,,,,,False,NO_DATA,0,,,,,,0.0,0.0,0.0,0,KALSHI_PREDICTION,UNKNOWN,,VENUE,STUB,NO_TRADE,NO_DATA,,[],0.0,0.0,0.0,0,False,,0.0,SIGNAL_UNAVAILABLE,,0.0,SIGNAL_UNAVAILABLE,,,
1768186466336,KALSHI-TEST-DEEP,1768186466336,0,KALSHI,KALSHI-TEST-DEEP,KALSHI,KALSHI,API,,False,SELF_REFERENTIAL,0,,,,,False,NO_DATA,0,,,,,,0.0,0.0,0.0,0,KALSHI_PREDICTION,UNKNOWN,,VENUE,STUB,NO_TRADE,NO_DATA,,[],0.0,0.0,0.0,0,False,,0.0,SIGNAL_UNAVAILABLE,,0.0,SIGNAL_UNAVAILABLE,,,
1768186527138,KALSHI-TEST-DEEP,1768186527138,0,KALSHI,KALSHI-TEST-DEEP,KALSHI,KALSHI,API,,False,SELF_REFERENTIAL,0,,,,,False,NO_DATA,0,,,,,,0.0,0.0,0.0,0,KALSHI_PREDICTION,UNKNOWN,,VENUE,STUB,NO_TRADE,NO_DATA,,[],0.0,0.0,0.0,0,False,,0.0,SIGNAL_UNAVAILABLE,,0.0,SIGNAL_UNAVAILABLE,,,
1768186587372,KALSHI-TEST-DEEP,1768186587372,0,KALSHI,KALSHI-TEST-DEEP,KALSHI,KALSHI,API,,False,SELF_REFERENTIAL,0,,,,,False,NO_DATA,0,,,,,,0.0,0.0,0.0,0,KALSHI_PREDICTION,UNKNOWN,,VENUE,STUB,NO_TRADE,NO_DATA,,[],0.0,0.0,0.0,0,False,,0.0,SIGNAL_UNAVAILABLE,,0.0,SIGNAL_UNAVAILABLE,,,
1768186648149,KALSHI-TEST-DEEP,1768186648149,0,KALSHI,KALSHI-TEST-DEEP,KALSHI,KALSHI,API,,False,SELF_REFERENTIAL,0,,,,,False,NO_DATA,0,,,,,,0.0,0.0,0.0,0,KALSHI_PREDICTION,UNKNOWN,,VENUE,STUB,NO_TRADE,NO_DATA,,[],0.0,0.0,0.0,0,False,,0.0,SIGNAL_UNAVAILABLE,,0.0,SIGNAL_UNAVAILABLE,,,
1768186708361,KALSHI-TEST-DEEP,1768186708361,0,KALSHI,KALSHI-TEST-DEEP,KALSHI,KALSHI,API,,False,SELF_REFERENTIAL,0,,,,,False,NO_DATA,0,,,,,,0.0,0.0,0.0,0,KALSHI_PREDICTION,UNKNOWN,,VENUE,STUB,NO_TRADE,NO_DATA,,[],0.0,0.0,0.0,0,False,,0.0,SIGNAL_UNAVAILABLE,,0.0,SIGNAL_UNAVAILABLE,,,
1768186769133,KALSHI-TEST-DEEP,1768186769133,0,KALSHI,KALSHI-TEST-DEEP,KALSHI,KALSHI,API,,False,SELF_REFERENTIAL,0,,,,,False,NO_DATA,0,,,,,,0.0,0.0,0.0,0,KALSHI_PREDICTION,UNKNOWN,,VENUE,STUB,NO_TRADE,NO_DATA,,[],0.0,0.0,0.0,0,False,,0.0,SIGNAL_UNAVAILABLE,,0.0,SIGNAL_UNAVAILABLE,,,
1768186829339,KALSHI-TEST-DEEP,1768186829339,0,KALSHI,KALSHI-TEST-DEEP,KALSHI,KALSHI,API,,False,SELF_REFERENTIAL,0,,,,,False,NO_DATA,0,,,,,,0.0,0.0,0.0,0,KALSHI_PREDICTION,UNKNOWN,,VENUE,STUB,NO_TRADE,NO_DATA,,[],0.0,0.0,0.0,0,False,,0.0,SIGNAL_UNAVAILABLE,,0.0,SIGNAL_UNAVAILABLE,,,
1768186890143,KALSHI-TEST-DEEP,1768186890143,0,KALSHI,KALSHI-TEST-DEEP,KALSHI,KALSHI,API,,False,SELF_REFERENTIAL,0,,,,,False,NO_DATA,0,,,,,,0.0,0.0,0.0,0,KALSHI_PREDICTION,UNKNOWN,,VENUE,STUB,NO_TRADE,NO_DATA,,[],0.0,0.0,0.0,0,False,,0.0,SIGNAL_UNAVAILABLE,,0.0,SIGNAL_UNAVAILABLE,,,
1768186950364,KALSHI-TEST-DEEP,1768186950364,0,KALSHI,KALSHI-TEST-DEEP,KALSHI,KALSHI,API,,False,SELF_REFERENTIAL,0,,,,,False,NO_DATA,0,,,,,,0.0,0.0,0.0,0,KALSHI_PREDICTION,UNKNOWN,,VENUE,STUB,NO_TRADE,NO_DATA,,[],0.0,0.0,0.0,0,False,,0.0,SIGNAL_UNAVAILABLE,,0.0,SIGNAL_UNAVAILABLE,,,
1768187010390,KALSHI-TEST-DEEP,1768187010390,0,KALSHI,KALSHI-TEST-DEEP,KALSHI,KALSHI,API,,False,SELF_REFERENTIAL,0,,,,,False,NO_DATA,0,,,,,,0.0,0.0,0.0,0,KALSHI_PREDICTION,UNKNOWN,,VENUE,STUB,NO_TRADE,NO_DATA,,[],0.0,0.0,0.0,0,False,,0.0,SIGNAL_UNAVAILABLE,,0.0,SIGNAL_UNAVAILABLE,,,
1768187071350,KALSHI-TEST-DEEP,1768187071350,0,KALSHI,KALSHI-TEST-DEEP,KALSHI,KALSHI,API,,False,SELF_REFERENTIAL,0,,,,,False,NO_DATA,0,,,,,,0.0,0.0,0.0,0,KALSHI_PREDICTION,UNKNOWN,,VENUE,STUB,NO_TRADE,NO_DATA,,[],0.0,0.0,0.0,0,False,,0.0,SIGNAL_UNAVAILABLE,,0.0,SIGNAL_UNAVAILABLE,,,
1768187132129,KALSHI-TEST-DEEP,1768187132129,0,KALSHI,KALSHI-TEST-DEEP,KALSHI,KALSHI,API,,False,SELF_REFERENTIAL,0,,,,,False,NO_DATA,0,,,,,,0.0,0.0,0.0,0,KALSHI_PREDICTION,UNKNOWN,,VENUE,STUB,NO_TRADE,NO_DATA,,[],0.0,0.0,0.0,0,False,,0.0,SIGNAL_UNAVAILABLE,,0.0,SIGNAL_UNAVAILABLE,,,
1768187192342,KALSHI-TEST-DEEP,1768187192342,0,KALSHI,KALSHI-TEST-DEEP,KALSHI,KALSHI,API,,False,SELF_REFERENTIAL,0,,,,,False,NO_DATA,0,,,,,,0.0,0.0,0.0,0,KALSHI_PREDICTION,UNKNOWN,,VENUE,STUB,NO_TRADE,NO_DATA,,[],0.0,0.0,0.0,0,False,,0.0,SIGNAL_UNAVAILABLE,,0.0,SIGNAL_UNAVAILABLE,,,
1768187253143,KALSHI-TEST-DEEP,1768187253143,0,KALSHI,KALSHI-TEST-DEEP,KALSHI,KALSHI,API,,False,SELF_REFERENTIAL,0,,,,,False,NO_DATA,0,,,,,,0.0,0.0,0.0,0,KALSHI_PREDICTION,UNKNOWN,,VENUE,STUB,NO_TRADE,NO_DATA,,[],0.0,0.0,0.0,0,False,,0.0,SIGNAL_UNAVAILABLE,,0.0,SIGNAL_UNAVAILABLE,,,
1768187313330,KALSHI-TEST-DEEP,1768187313330,0,KALSHI,KALSHI-TEST-DEEP,KALSHI,KALSHI,API,,False,SELF_REFERENTIAL,0,,,,,False,NO_DATA,0,,,,,,0.0,0.0,0.0,0,KALSHI_PREDICTION,UNKNOWN,,VENUE,STUB,NO_TRADE,NO_DATA,,[],0.0,0.0,0.0,0,False,,0.0,SIGNAL_UNAVAILABLE,,0.0,SIGNAL_UNAVAILABLE,,,
1768187374134,KALSHI-TEST-DEEP,1768187374134,0,KALSHI,KALSHI-TEST-DEEP,KALSHI,KALSHI,API,,False,SELF_REFERENTIAL,0,,,,,False,NO_DATA,0,,,,,,0.0,0.0,0.0,0,KALSHI_PREDICTION,UNKNOWN,,VENUE,STUB,NO_TRADE,NO_DATA,,[],0.0,0.0,0.0,0,False,,0.0,SIGNAL_UNAVAILABLE,,0.0,SIGNAL_UNAVAILABLE,,,
1768187434358,KALSHI-TEST-DEEP,1768187434358,0,KALSHI,KALSHI-TEST-DEEP,KALSHI,KALSHI,API,,False,SELF_REFERENTIAL,0,,,,,False,NO_DATA,0,,,,,,0.0,0.0,0.0,0,KALSHI_PREDICTION,UNKNOWN,,VENUE,STUB,NO_TRADE,NO_DATA,,[],0.0,0.0,0.0,0,False,,0.0,SIGNAL_UNAVAILABLE,,0.0,SIGNAL_UNAVAILABLE,,,
1768187495126,KALSHI-TEST-DEEP,1768187495126,0,KALSHI,KALSHI-TEST-DEEP,KALSHI,KALSHI,API,,False,SELF_REFERENTIAL,0,,,,,False,NO_DATA,0,,,,,,0.0,0.0,0.0,0,KALSHI_PREDICTION,UNKNOWN,,VENUE,STUB,NO_TRADE,NO_DATA,,[],0.0,0.0,0.0,0,False,,0.0,SIGNAL_UNAVAILABLE,,0.0,SIGNAL_UNAVAILABLE,,,
1768187555331,KALSHI-TEST-DEEP,1768187555331,0,KALSHI,KALSHI-TEST-DEEP,KALSHI,KALSHI,API,,False,SELF_REFERENTIAL,0,,,,,False,NO_DATA,0,,,,,,0.0,0.0,0.0,0,KALSHI_PREDICTION,UNKNOWN,,VENUE,STUB,NO_TRADE,NO_DATA,,[],0.0,0.0,0.0,0,False,,0.0,SIGNAL_UNAVAILABLE,,0.0,SIGNAL_UNAVAILABLE,,,
1768187616134,KALSHI-TEST-DEEP,1768187616134,0,KALSHI,KALSHI-TEST-DEEP,KALSHI,KALSHI,API,,False,SELF_REFERENTIAL,0,,,,,False,NO_DATA,0,,,,,,0.0,0.0,0.0,0,KALSHI_PREDICTION,UNKNOWN,,VENUE,STUB,NO_TRADE,NO_DATA,,[],0.0,0.0,0.0,0,False,,0.0,SIGNAL_UNAVAILABLE,,0.0,SIGNAL_UNAVAILABLE,,,
1768187676365,KALSHI-TEST-DEEP,1768187676365,0,KALSHI,KALSHI-TEST-DEEP,KALSHI,KALSHI,API,,False,SELF_REFERENTIAL,0,,,,,False,NO_DATA,0,,,,,,0.0,0.0,0.0,0,KALSHI_PREDICTION,UNKNOWN,,VENUE,STUB,NO_TRADE,NO_DATA,,[],0.0,0.0,0.0,0,False,,0.0,SIGNAL_UNAVAILABLE,,0.0,SIGNAL_UNAVAILABLE,,,
1768187737139,KALSHI-TEST-DEEP,1768187737139,0,KALSHI,KALSHI-TEST-DEEP,KALSHI,KALSHI,API,,False,SELF_REFERENTIAL,0,,,,,False,NO_DATA,0,,,,,,0.0,0.0,0.0,0,KALSHI_PREDICTION,UNKNOWN,,VENUE,STUB,NO_TRADE,NO_DATA,,[],0.0,0.0,0.0,0,False,,0.0,SIGNAL_UNAVAILABLE,,0.0,SIGNAL_UNAVAILABLE,,,
1768187797325,KALSHI-TEST-DEEP,1768187797325,0,KALSHI,KALSHI-TEST-DEEP,KALSHI,KALSHI,API,,False,SELF_REFERENTIAL,0,,,,,False,NO_DATA,0,,,,,,0.0,0.0,0.0,0,KALSHI_PREDICTION,UNKNOWN,,VENUE,STUB,NO_TRADE,NO_DATA,,[],0.0,0.0,0.0,0,False,,0.0,SIGNAL_UNAVAILABLE,,0.0,SIGNAL_UNAVAILABLE,,,
1768187858264,KALSHI-TEST-DEEP,1768187858264,0,KALSHI,KALSHI-TEST-DEEP,KALSHI,KALSHI,API,,False,SELF_REFERENTIAL,0,,,,,False,NO_DATA,0,,,,,,0.0,0.0,0.0,0,KALSHI_PREDICTION,UNKNOWN,,VENUE,STUB,NO_TRADE,NO_DATA,,[],0.0,0.0,0.0,0,False,,0.0,SIGNAL_UNAVAILABLE,,0.0,SIGNAL_UNAVAILABLE,,,
1768187918349,KALSHI-TEST-DEEP,1768187918349,0,KALSHI,KALSHI-TEST-DEEP,KALSHI,KALSHI,API,,False,SELF_REFERENTIAL,0,,,,,False,NO_DATA,0,,,,,,0.0,0.0,0.0,0,KALSHI_PREDICTION,UNKNOWN,,VENUE,STUB,NO_TRADE,NO_DATA,,[],0.0,0.0,0.0,0,False,,0.0,SIGNAL_UNAVAILABLE,,0.0,SIGNAL_UNAVAILABLE,,,
1768187979386,KALSHI-TEST-DEEP,1768187979386,0,KALSHI,KALSHI-TEST-DEEP,KALSHI,KALSHI,API,,False,SELF_REFERENTIAL,0,,,,,False,NO_DATA,0,,,,,,0.0,0.0,0.0,0,KALSHI_PREDICTION,UNKNOWN,,VENUE,STUB,NO_TRADE,NO_DATA,,[],0.0,0.0,0.0,0,False,,0.0,SIGNAL_UNAVAILABLE,,0.0,SIGNAL_UNAVAILABLE,,,
1768188039879,KALSHI-TEST-DEEP,1768188039879,0,KALSHI,KALSHI-TEST-DEEP,KALSHI,KALSHI,API,,False,SELF_REFERENTIAL,0,,,,,False,NO_DATA,0,,,,,,0.0,0.0,0.0,0,KALSHI_PREDICTION,UNKNOWN,,VENUE,STUB,NO_TRADE,NO_DATA,,[],0.0,0.0,0.0,0,False,,0.0,SIGNAL_UNAVAILABLE,,0.0,SIGNAL_UNAVAILABLE,,,
1768188100379,KALSHI-TEST-DEEP,1768188100379,0,KALSHI,KALSHI-TEST-DEEP,KALSHI,KALSHI,API,,False,SELF_REFERENTIAL,0,,,,,False,NO_DATA,0,,,,,,0.0,0.0,0.0,0,KALSHI_PREDICTION,UNKNOWN,,VENUE,STUB,NO_TRADE,NO_DATA,,[],0.0,0.0,0.0,0,False,,0.0,SIGNAL_UNAVAILABLE,,0.0,SIGNAL_UNAVAILABLE,,,
1768188160882,KALSHI-TEST-DEEP,1768188160882,0,KALSHI,KALSHI-TEST-DEEP,KALSHI,KALSHI,API,,False,SELF_REFERENTIAL,0,,,,,False,NO_DATA,0,,,,,,0.0,0.0,0.0,0,KALSHI_PREDICTION,UNKNOWN,,VENUE,STUB,NO_TRADE,NO_DATA,,[],0.0,0.0,0.0,0,False,,0.0,SIGNAL_UNAVAILABLE,,0.0,SIGNAL_UNAVAILABLE,,,
1768188221378,KALSHI-TEST-DEEP,1768188221378,0,KALSHI,KALSHI-TEST-DEEP,KALSHI,KALSHI,API,,False,SELF_REFERENTIAL,0,,,,,False,NO_DATA,0,,,,,,0.0,0.0,0.0,0,KALSHI_PREDICTION,UNKNOWN,,VENUE,STUB,NO_TRADE,NO_DATA,,[],0.0,0.0,0.0,0,False,,0.0,SIGNAL_UNAVAILABLE,,0.0,SIGNAL_UNAVAILABLE,,,
1768188281878,KALSHI-TEST-DEEP,1768188281878,0,KALSHI,KALSHI-TEST-DEEP,KALSHI,KALSHI,API,,False,SELF_REFERENTIAL,0,,,,,False,NO_DATA,0,,,,,,0.0,0.0,0.0,0,KALSHI_PREDICTION,UNKNOWN,,VENUE,STUB,NO_TRADE,NO_DATA,,[],0.0,0.0,0.0,0,False,,0.0,SIGNAL_UNAVAILABLE,,0.0,SIGNAL_UNAVAILABLE,,,
1768188342382,KALSHI-TEST-DEEP,1768188342382,0,KALSHI,KALSHI-TEST-DEEP,KALSHI,KALSHI,API,,False,SELF_REFERENTIAL,0,,,,,False,NO_DATA,0,,,,,,0.0,0.0,0.0,0,KALSHI_PREDICTION,UNKNOWN,,VENUE,STUB,NO_TRADE,NO_DATA,,[],0.0,0.0,0.0,0,False,,0.0,SIGNAL_UNAVAILABLE,,0.0,SIGNAL_UNAVAILABLE,,,
1768188402885,KALSHI-TEST-DEEP,1768188402885,0,KALSHI,KALSHI-TEST-DEEP,KALSHI,KALSHI,API,,False,SELF_REFERENTIAL,0,,,,,False,NO_DATA,0,,,,,,0.0,0.0,0.0,0,KALSHI_PREDICTION,UNKNOWN,,VENUE,STUB,NO_TRADE,NO_DATA,,[],0.0,0.0,0.0,0,False,,0.0,SIGNAL_UNAVAILABLE,,0.0,SIGNAL_UNAVAILABLE,,,
1768188463383,KALSHI-TEST-DEEP,1768188463383,0,KALSHI,KALSHI-TEST-DEEP,KALSHI,KALSHI,API,,False,SELF_REFERENTIAL,0,,,,,False,NO_DATA,0,,,,,,0.0,0.0,0.0,0,KALSHI_PREDICTION,UNKNOWN,,VENUE,STUB,NO_TRADE,NO_DATA,,[],0.0,0.0,0.0,0,False,,0.0,SIGNAL_UNAVAILABLE,,0.0,SIGNAL_UNAVAILABLE,,,
1768188523891,KALSHI-TEST-DEEP,1768188523891,0,KALSHI,KALSHI-TEST-DEEP,KALSHI,KALSHI,API,,False,SELF_REFERENTIAL,0,,,,,False,NO_DATA,0,,,,,,0.0,0.0,0.0,0,KALSHI_PREDICTION,UNKNOWN,,VENUE,STUB,NO_TRADE,NO_DATA,,[],0.0,0.0,0.0,0,False,,0.0,SIGNAL_UNAVAILABLE,,0.0,SIGNAL_UNAVAILABLE,,,
1768188584390,KALSHI-TEST-DEEP,1768188584390,0,KALSHI,KALSHI-TEST-DEEP,KALSHI,KALSHI,API,,False,SELF_REFERENTIAL,0,,,,,False,NO_DATA,0,,,,,,0.0,0.0,0.0,0,KALSHI_PREDICTION,UNKNOWN,,VENUE,STUB,NO_TRADE,NO_DATA,,[],0.0,0.0,0.0,0,False,,0.0,SIGNAL_UNAVAILABLE,,0.0,SIGNAL_UNAVAILABLE,,,
1768188645144,KALSHI-TEST-DEEP,1768188645144,0,KALSHI,KALSHI-TEST-DEEP,KALSHI,KALSHI,API,,False,SELF_REFERENTIAL,0,,,,,False,NO_DATA,0,,,,,,0.0,0.0,0.0,0,KALSHI_PREDICTION,UNKNOWN,,VENUE,STUB,NO_TRADE,NO_DATA,,[],0.0,0.0,0.0,0,False,,0.0,SIGNAL_UNAVAILABLE,,0.0,SIGNAL_UNAVAILABLE,,,
1768188705343,KALSHI-TEST-DEEP,1768188705343,0,KALSHI,KALSHI-TEST-DEEP,KALSHI,KALSHI,API,,False,SELF_REFERENTIAL,0,,,,,False,NO_DATA,0,,,,,,0.0,0.0,0.0,0,KALSHI_PREDICTION,UNKNOWN,,VENUE,STUB,NO_TRADE,NO_DATA,,[],0.0,0.0,0.0,0,False,,0.0,SIGNAL_UNAVAILABLE,,0.0,SIGNAL_UNAVAILABLE,,,
1768188766140,KALSHI-TEST-DEEP,1768188766140,0,KALSHI,KALSHI-TEST-DEEP,KALSHI,KALSHI,API,,False,SELF_REFERENTIAL,0,,,,,False,NO_DATA,0,,,,,,0.0,0.0,0.0,0,KALSHI_PREDICTION,UNKNOWN,,VENUE,STUB,NO_TRADE,NO_DATA,,[],0.0,0.0,0.0,0,False,,0.0,SIGNAL_UNAVAILABLE,,0.0,SIGNAL_UNAVAILABLE,,,
1768188826325,KALSHI-TEST-DEEP,1768188826325,0,KALSHI,KALSHI-TEST-DEEP,KALSHI,KALSHI,API,,False,SELF_REFERENTIAL,0,,,,,False,NO_DATA,0,,,,,,0.0,0.0,0.0,0,KALSHI_PREDICTION,UNKNOWN,,VENUE,STUB,NO_TRADE,NO_DATA,,[],0.0,0.0,0.0,0,False,,0.0,SIGNAL_UNAVAILABLE,,0.0,SIGNAL_UNAVAILABLE,,,
1768188887141,KALSHI-TEST-DEEP,1768188887141,0,KALSHI,KALSHI-TEST-DEEP,KALSHI,KALSHI,API,,False,SELF_REFERENTIAL,0,,,,,False,NO_DATA,0,,,,,,0.0,0.0,0.0,0,KALSHI_PREDICTION,UNKNOWN,,VENUE,STUB,NO_TRADE,NO_DATA,,[],0.0,0.0,0.0,0,False,,0.0,SIGNAL_UNAVAILABLE,,0.0,SIGNAL_UNAVAILABLE,,,
1768188947326,KALSHI-TEST-DEEP,1768188947326,0,KALSHI,KALSHI-TEST-DEEP,KALSHI,KALSHI,API,,False,SELF_REFERENTIAL,0,,,,,False,NO_DATA,0,,,,,,0.0,0.0,0.0,0,KALSHI_PREDICTION,UNKNOWN,,VENUE,STUB,NO_TRADE,NO_DATA,,[],0.0,0.0,0.0,0,False,,0.0,SIGNAL_UNAVAILABLE,,0.0,SIGNAL_UNAVAILABLE,,,
1768189007380,KALSHI-TEST-DEEP,1768189007380,0,KALSHI,KALSHI-TEST-DEEP,KALSHI,KALSHI,API,,False,SELF_REFERENTIAL,0,,,,,False,NO_DATA,0,,,,,,0.0,0.0,0.0,0,KALSHI_PREDICTION,UNKNOWN,,VENUE,STUB,NO_TRADE,NO_DATA,,[],0.0,0.0,0.0,0,False,,0.0,SIGNAL_UNAVAILABLE,,0.0,SIGNAL_UNAVAILABLE,,,
1768189068364,KALSHI-TEST-DEEP,1768189068364,0,KALSHI,KALSHI-TEST-DEEP,KALSHI,KALSHI,API,,False,SELF_REFERENTIAL,0,,,,,False,NO_DATA,0,,,,,,0.0,0.0,0.0,0,KALSHI_PREDICTION,UNKNOWN,,VENUE,STUB,NO_TRADE,NO_DATA,,[],0.0,0.0,0.0,0,False,,0.0,SIGNAL_UNAVAILABLE,,0.0,SIGNAL_UNAVAILABLE,,,
1768189129159,KALSHI-TEST-DEEP,1768189129159,0,KALSHI,KALSHI-TEST-DEEP,KALSHI,KALSHI,API,,False,SELF_REFERENTIAL,0,,,,,False,NO_DATA,0,,,,,,0.0,0.0,0.0,0,KALSHI_PREDICTION,UNKNOWN,,VENUE,STUB,NO_TRADE,NO_DATA,,[],0.0,0.0,0.0,0,False,,0.0,SIGNAL_UNAVAILABLE,,0.0,SIGNAL_UNAVAILABLE,,,
1768189189368,KALSHI-TEST-DEEP,1768189189368,0,KALSHI,KALSHI-TEST-DEEP,KALSHI,KALSHI,API,,False,SELF_REFERENTIAL,0,,,,,False,NO_DATA,0,,,,,,0.0,0.0,0.0,0,KALSHI_PREDICTION,UNKNOWN,,VENUE,STUB,NO_TRADE,NO_DATA,,[],0.0,0.0,0.0,0,False,,0.0,SIGNAL_UNAVAILABLE,,0.0,SIGNAL_UNAVAILABLE,,,
1768189250132,KALSHI-TEST-DEEP,1768189250132,0,KALSHI,KALSHI-TEST-DEEP,KALSHI,KALSHI,API,,False,SELF_REFERENTIAL,0,,,,,False,NO_DATA,0,,,,,,0.0,0.0,0.0,0,KALSHI_PREDICTION,UNKNOWN,,VENUE,STUB,NO_TRADE,NO_DATA,,[],0.0,0.0,0.0,0,False,,0.0,SIGNAL_UNAVAILABLE,,0.0,SIGNAL_UNAVAILABLE,,,
1768189310356,KALSHI-TEST-DEEP,1768189310356,0,KALSHI,KALSHI-TEST-DEEP,KALSHI,KALSHI,API,,False,SELF_REFERENTIAL,0,,,,,False,NO_DATA,0,,,,,,0.0,0.0,0.0,0,KALSHI_PREDICTION,UNKNOWN,,VENUE,STUB,NO_TRADE,NO_DATA,,[],0.0,0.0,0.0,0,False,,0.0,SIGNAL_UNAVAILABLE,,0.0,SIGNAL_UNAVAILABLE,,,
1768189371140,KALSHI-TEST-DEEP,1768189371140,0,KALSHI,KALSHI-TEST-DEEP,KALSHI,KALSHI,API,,False,SELF_REFERENTIAL,0,,,,,False,NO_DATA,0,,,,,,0.0,0.0,0.0,0,KALSHI_PREDICTION,UNKNOWN,,VENUE,STUB,NO_TRADE,NO_DATA,,[],0.0,0.0,0.0,0,False,,0.0,SIGNAL_UNAVAILABLE,,0.0,SIGNAL_UNAVAILABLE,,,
1768189431378,KALSHI-TEST-DEEP,1768189431378,0,KALSHI,KALSHI-TEST-DEEP,KALSHI,KALSHI,API,,False,SELF_REFERENTIAL,0,,,,,False,NO_DATA,0,,,,,,0.0,0.0,0.0,0,KALSHI_PREDICTION,UNKNOWN,,VENUE,STUB,NO_TRADE,NO_DATA,,[],0.0,0.0,0.0,0,False,,0.0,SIGNAL_UNAVAILABLE,,0.0,SIGNAL_UNAVAILABLE,,,
1768189492143,KALSHI-TEST-DEEP,1768189492143,0,KALSHI,KALSHI-TEST-DEEP,KALSHI,KALSHI,API,,False,SELF_REFERENTIAL,0,,,,,False,NO_DATA,0,,,,,,0.0,0.0,0.0,0,KALSHI_PREDICTION,UNKNOWN,,VENUE,STUB,NO_TRADE,NO_DATA,,[],0.0,0.0,0.0,0,False,,0.0,SIGNAL_UNAVAILABLE,,0.0,SIGNAL_UNAVAILABLE,,,
1768189552329,KALSHI-TEST-DEEP,1768189552329,0,KALSHI,KALSHI-TEST-DEEP,KALSHI,KALSHI,API,,False,SELF_REFERENTIAL,0,,,,,False,NO_DATA,0,,,,,,0.0,0.0,0.0,0,KALSHI_PREDICTION,UNKNOWN,,VENUE,STUB,NO_TRADE,NO_DATA,,[],0.0,0.0,0.0,0,False,,0.0,SIGNAL_UNAVAILABLE,,0.0,SIGNAL_UNAVAILABLE,,,
1768189613384,KALSHI-TEST-DEEP,1768189613384,0,KALSHI,KALSHI-TEST-DEEP,KALSHI,KALSHI,API,,False,SELF_REFERENTIAL,0,,,,,False,NO_DATA,0,,,,,,0.0,0.0,0.0,0,KALSHI_PREDICTION,UNKNOWN,,VENUE,STUB,NO_TRADE,NO_DATA,,[],0.0,0.0,0.0,0,False,,0.0,SIGNAL_UNAVAILABLE,,0.0,SIGNAL_UNAVAILABLE,,,
1768189675459,KALSHI-TEST-DEEP,1768189675459,0,KALSHI,KALSHI-TEST-DEEP,KALSHI,KALSHI,API,,False,SELF_REFERENTIAL,0,,,,,False,NO_DATA,0,,,,,,0.0,0.0,0.0,0,KALSHI_PREDICTION,UNKNOWN,,VENUE,STUB,NO_TRADE,NO_DATA,,[],0.0,0.0,0.0,0,False,,0.0,SIGNAL_UNAVAILABLE,,0.0,SIGNAL_UNAVAILABLE,,,
1768189737436,KALSHI-TEST-DEEP,1768189737436,0,KALSHI,KALSHI-TEST-DEEP,KALSHI,KALSHI,API,,False,SELF_REFERENTIAL,0,,,,,False,NO_DATA,0,,,,,,0.0,0.0,0.0,0,KALSHI_PREDICTION,UNKNOWN,,VENUE,STUB,NO_TRADE,NO_DATA,,[],0.0,0.0,0.0,0,False,,0.0,SIGNAL_UNAVAILABLE,,0.0,SIGNAL_UNAVAILABLE,,,
